,number,value,datetime_start,datetime_complete,duration,params_AAL_MAR_beta_win,params_AAL_MAR_trade_freq,params_AAL_MAR_z_entry,params_AAL_MAR_z_exit,params_AAL_MAR_z_win,params_ADSK_CSX_beta_win,params_ADSK_CSX_trade_freq,params_ADSK_CSX_z_entry,params_ADSK_CSX_z_exit,params_ADSK_CSX_z_win,params_ALGN_MAR_beta_win,params_ALGN_MAR_trade_freq,params_ALGN_MAR_z_entry,params_ALGN_MAR_z_exit,params_ALGN_MAR_z_win,params_AMGN_NTAP_beta_win,params_AMGN_NTAP_trade_freq,params_AMGN_NTAP_z_entry,params_AMGN_NTAP_z_exit,params_AMGN_NTAP_z_win,params_BIDU_INCY_beta_win,params_BIDU_INCY_trade_freq,params_BIDU_INCY_z_entry,params_BIDU_INCY_z_exit,params_BIDU_INCY_z_win,params_INTU_MNST_beta_win,params_INTU_MNST_trade_freq,params_INTU_MNST_z_entry,params_INTU_MNST_z_exit,params_INTU_MNST_z_win,params_SBUX_EA_beta_win,params_SBUX_EA_trade_freq,params_SBUX_EA_z_entry,params_SBUX_EA_z_exit,params_SBUX_EA_z_win,params_UAL_ALGN_beta_win,params_UAL_ALGN_trade_freq,params_UAL_ALGN_z_entry,params_UAL_ALGN_z_exit,params_UAL_ALGN_z_win,params_UAL_MAR_beta_win,params_UAL_MAR_trade_freq,params_UAL_MAR_z_entry,params_UAL_MAR_z_exit,params_UAL_MAR_z_win,params_WDC_MAR_beta_win,params_WDC_MAR_trade_freq,params_WDC_MAR_z_entry,params_WDC_MAR_z_exit,params_WDC_MAR_z_win,params_pairs_to_trade,state
0,0,-1.5653201716534786,2025-05-29 23:45:10.406344,2025-05-29 23:45:10.880531,0 days 00:00:00.474187,,,,,,,,,,,250.0,35m,0.8,-2.5,20.0,400,22m,0.2,-1.0999999999999996,640,,,,,,990.0,24m,2.6,-1.9,690.0,,,,,,550,21m,1.8,-1.1999999999999997,780,,,,,,,,,,,2,COMPLETE
1,1,-2.85775918145943,2025-05-29 23:45:10.896706,2025-05-29 23:45:11.486523,0 days 00:00:00.589817,,,,,,790.0,13m,1.5,-1.1999999999999997,720.0,770.0,16m,1.3,-3.1,250.0,510,35m,3.0,-3.1,530,,,,,,240.0,21m,2.7,-2.0999999999999996,630.0,,,,,,380,17m,2.2,-0.5,90,480.0,39m,2.8000000000000003,-2.9,540.0,,,,,,3,COMPLETE
2,2,0.12481469913616765,2025-05-29 23:45:11.502620,2025-05-29 23:45:12.271535,0 days 00:00:00.768915,110.0,17m,0.4,-0.09999999999999964,570.0,420.0,19m,2.6,-1.9,530.0,470.0,3m,0.6000000000000001,-0.3999999999999999,960.0,390,41m,0.1,-1.0999999999999996,220,,,,,,920.0,5m,0.7000000000000001,-2.6,190.0,620.0,59m,0.6000000000000001,-1.7999999999999998,430.0,830,49m,3.3000000000000003,-1.5,300,870.0,24m,2.9000000000000004,-3.0,10.0,,,,,,4,COMPLETE
3,3,0.31753108461946833,2025-05-29 23:45:12.271535,2025-05-29 23:45:12.562315,0 days 00:00:00.290780,,,,,,,,,,,,,,,,900,43m,3.0,-1.4,170,,,,,,,,,,,,,,,,140,12m,1.0,-2.8,740,,,,,,,,,,,1,COMPLETE
4,4,-1.6135360685709577,2025-05-29 23:45:12.562315,2025-05-29 23:45:12.992618,0 days 00:00:00.430303,,,,,,,,,,,920.0,42m,2.7,-0.7999999999999998,250.0,870,29m,1.6,-0.2999999999999998,570,,,,,,140.0,40m,1.6,-3.0,490.0,,,,,,410,9m,2.8000000000000003,-2.2,20,,,,,,,,,,,2,COMPLETE
5,5,1.061428423183798,2025-05-29 23:45:13.008518,2025-05-29 23:45:13.917807,0 days 00:00:00.909289,30.0,58m,1.2000000000000002,-1.5999999999999999,290.0,280.0,37m,2.2,-0.2999999999999998,610.0,140.0,46m,3.4000000000000004,-2.3,540.0,680,42m,0.1,-1.0,540,70.0,19m,0.1,-1.4,570.0,700.0,42m,3.4000000000000004,-2.0,100.0,930.0,7m,1.7000000000000002,-1.7999999999999998,700.0,460,28m,1.5,-3.5,520,430.0,14m,2.2,-0.3999999999999999,640.0,680.0,51m,1.9000000000000001,-3.3,300.0,5,COMPLETE
6,6,,2025-05-29 23:45:13.917807,2025-05-29 23:45:14.207856,0 days 00:00:00.290049,,,,,,,,,,,,,,,,800,25m,1.7000000000000002,0.0,840,,,,,,,,,,,,,,,,680,39m,0.6000000000000001,-1.7,970,,,,,,,,,,,1,FAIL
7,7,-2.2844009918677566,2025-05-29 23:45:14.207856,2025-05-29 23:45:14.813018,0 days 00:00:00.605162,,,,,,800.0,12m,1.1,-1.5,270.0,930.0,12m,0.9,-3.2,860.0,920,23m,1.3,-0.8999999999999999,10,,,,,,800.0,51m,2.0,-2.0999999999999996,930.0,,,,,,40,29m,3.3000000000000003,-0.3999999999999999,270,550.0,19m,2.9000000000000004,-2.5,250.0,,,,,,3,COMPLETE
8,8,-1.8877608897056468,2025-05-29 23:45:14.813018,2025-05-29 23:45:15.260643,0 days 00:00:00.447625,,,,,,,,,,,960.0,48m,2.0,-0.2999999999999998,590.0,60,47m,2.5,-0.6999999999999997,40,,,,,,330.0,1m,2.5,0.0,790.0,,,,,,760,31m,3.0,-0.8999999999999999,600,,,,,,,,,,,2,COMPLETE
9,9,,2025-05-29 23:45:15.276704,2025-05-29 23:45:15.711748,0 days 00:00:00.435044,,,,,,,,,,,270.0,22m,2.5,-2.7,650.0,670,51m,2.4000000000000004,0.0,460,,,,,,960.0,37m,3.0,-1.4,360.0,,,,,,950,51m,2.7,-0.7999999999999998,180,,,,,,,,,,,2,FAIL
10,10,-2.111694672136888,2025-05-29 23:45:15.725554,2025-05-29 23:45:16.649368,0 days 00:00:00.923814,720.0,37m,1.2000000000000002,-1.7999999999999998,150.0,50.0,38m,2.0,-1.5,230.0,10.0,26m,0.1,-0.7999999999999998,800.0,980,6m,0.2,-3.4,40,210.0,40m,0.1,-1.7,180.0,870.0,51m,2.5,-3.3,730.0,920.0,17m,1.2000000000000002,-1.5,770.0,870,31m,1.5,-0.3999999999999999,230,580.0,50m,1.5,-0.6999999999999997,860.0,290.0,53m,0.30000000000000004,-0.19999999999999973,380.0,5,COMPLETE
11,11,-0.28475321325868,2025-05-29 23:45:16.649368,2025-05-29 23:45:17.272129,0 days 00:00:00.622761,,,,,,580.0,56m,2.7,-2.7,230.0,400.0,18m,2.2,-0.3999999999999999,620.0,990,18m,2.2,-1.0,390,,,,,,500.0,57m,0.6000000000000001,-3.0,700.0,,,,,,130,24m,1.6,-0.6999999999999997,820,280.0,19m,1.4000000000000001,-2.3,330.0,,,,,,3,COMPLETE
12,12,-1.1236716301891005,2025-05-29 23:45:17.272129,2025-05-29 23:45:18.418428,0 days 00:00:01.146299,20.0,30m,3.2,-3.5,130.0,140.0,20m,0.2,0.0,1000.0,10.0,46m,3.5,-1.9,350.0,610,30m,1.0,-2.3,910,60.0,19m,2.0,-0.09999999999999964,820.0,640.0,42m,3.4000000000000004,-0.8999999999999999,30.0,70.0,23m,3.2,-3.3,970.0,320,28m,0.1,-3.5,990,40.0,14m,0.2,-0.09999999999999964,830.0,950.0,51m,2.9000000000000004,-3.5,160.0,5,COMPLETE
13,13,,2025-05-29 23:45:18.435362,2025-05-29 23:45:18.787154,0 days 00:00:00.351792,,,,,,,,,,,,,,,,720,42m,3.5,-1.9,750,,,,,,,,,,,,,,,,620,28m,0.7000000000000001,-3.4,570,,,,,,,,,,,1,FAIL
14,14,0.004988570367344908,2025-05-29 23:45:18.787154,2025-05-29 23:45:19.100951,0 days 00:00:00.313797,,,,,,,,,,,,,,,,720,48m,3.5,-1.7999999999999998,770,,,,,,,,,,,,,,,,220,12m,0.30000000000000004,-3.4,560,,,,,,,,,,,1,COMPLETE
15,15,,2025-05-29 23:45:19.100951,2025-05-29 23:45:19.425276,0 days 00:00:00.324325,,,,,,,,,,,,,,,,750,43m,0.8,-1.9,330,,,,,,,,,,,,,,,,610,59m,0.9,-2.7,450,,,,,,,,,,,1,FAIL
16,16,,2025-05-29 23:45:19.432938,2025-05-29 23:45:19.748938,0 days 00:00:00.316000,,,,,,,,,,,,,,,,770,38m,2.2,-1.9,330,,,,,,,,,,,,,,,,590,39m,0.8,-2.6,680,,,,,,,,,,,1,FAIL
17,17,-1.1845310799265152,2025-05-29 23:45:19.764252,2025-05-29 23:45:20.092223,0 days 00:00:00.327971,,,,,,,,,,,,,,,,750,16m,0.8,-1.7999999999999998,330,,,,,,,,,,,,,,,,600,53m,0.9,-2.7,440,,,,,,,,,,,1,COMPLETE
18,18,,2025-05-29 23:45:20.102658,2025-05-29 23:45:21.102988,0 days 00:00:01.000330,440.0,58m,2.2,-1.5,680.0,290.0,37m,3.5,0.0,730.0,220.0,46m,3.5,-1.7999999999999998,470.0,750,42m,2.1,-0.09999999999999964,260,,,,,,640.0,42m,3.5,-1.0999999999999996,320.0,960.0,46m,2.4000000000000004,0.0,180.0,990,18m,0.9,-2.9,710,970.0,26m,2.1,-1.1999999999999997,660.0,,,,,,4,FAIL
19,19,-0.5243712416994271,2025-05-29 23:45:21.113863,2025-05-29 23:45:22.177593,0 days 00:00:01.063730,410.0,58m,2.1,-1.5,990.0,320.0,37m,3.4000000000000004,-0.09999999999999964,710.0,240.0,46m,3.5,-1.7,460.0,740,42m,2.1,0.0,260,,,,,,600.0,42m,3.5,-1.0999999999999996,340.0,1000.0,7m,2.3000000000000003,-0.09999999999999964,20.0,1000,48m,0.9,-2.7,710,910.0,10m,2.1,-1.2999999999999998,610.0,,,,,,4,COMPLETE
20,20,-1.8095258881883123,2025-05-29 23:45:22.188092,2025-05-29 23:45:23.247092,0 days 00:00:01.059000,360.0,52m,0.1,-1.5999999999999999,490.0,1000.0,37m,0.6000000000000001,-3.5,500.0,610.0,33m,2.8000000000000003,-1.7,720.0,620,43m,2.9000000000000004,-2.5,430,,,,,,440.0,15m,1.3,-1.2999999999999998,30.0,600.0,16m,2.1,-2.0999999999999996,510.0,210,11m,0.9,-2.9,450,260.0,14m,0.6000000000000001,0.0,970.0,,,,,,4,COMPLETE
21,21,-0.1633896256695077,2025-05-29 23:45:23.254237,2025-05-29 23:45:24.529058,0 days 00:00:01.274821,1000.0,58m,1.8,-2.7,450.0,210.0,48m,2.3000000000000003,-0.7999999999999998,10.0,200.0,5m,2.6,-2.5,50.0,840,10m,3.4000000000000004,-1.5,700,920.0,45m,0.4,-2.2,550.0,680.0,36m,0.0,-0.2999999999999998,290.0,230.0,52m,0.2,-0.5999999999999996,530.0,10,7m,2.2,-2.0,950,730.0,8m,2.1,-1.4,680.0,740.0,5m,1.8,-3.5,980.0,5,COMPLETE
22,22,-0.7103372581437479,2025-05-29 23:45:24.541184,2025-05-29 23:45:24.934270,0 days 00:00:00.393086,,,,,,,,,,,,,,,,200,26m,0.7000000000000001,-0.5,160,,,,,,,,,,,,,,,,610,2m,1.2000000000000002,-3.0,670,,,,,,,,,,,1,COMPLETE
23,23,0.6617245681589633,2025-05-29 23:45:24.934270,2025-05-29 23:45:25.990019,0 days 00:00:01.055749,250.0,40m,1.1,-0.5999999999999996,320.0,570.0,30m,3.3000000000000003,-0.5999999999999996,990.0,610.0,41m,1.5,-2.4,430.0,650,21m,1.6,-1.4,810,,,,,,10.0,29m,3.0,-1.5999999999999999,430.0,760.0,51m,3.3000000000000003,-2.9,780.0,450,23m,0.4,-2.3,850,390.0,2m,3.5,-0.7999999999999998,370.0,,,,,,4,COMPLETE
24,24,0.7187935284666891,2025-05-29 23:45:25.990019,2025-05-29 23:45:27.058125,0 days 00:00:01.068106,170.0,19m,1.0,-0.2999999999999998,260.0,560.0,30m,3.4000000000000004,-0.5999999999999996,990.0,650.0,41m,1.6,-2.4,460.0,520,21m,1.7000000000000002,-2.3,990,,,,,,140.0,29m,3.2,-1.5,210.0,790.0,42m,3.5,-3.1,790.0,450,41m,0.4,-2.3,890,360.0,2m,3.4000000000000004,-0.7999999999999998,320.0,,,,,,4,COMPLETE
25,25,-0.29584930930137365,2025-05-29 23:45:27.068536,2025-05-29 23:45:28.386759,0 days 00:00:01.318223,140.0,19m,1.2000000000000002,-0.8999999999999999,280.0,370.0,15m,3.0,-0.5999999999999996,820.0,740.0,4m,1.9000000000000001,-2.2,600.0,470,8m,0.5,-2.2,980,490.0,6m,3.1,-3.5,440.0,370.0,47m,3.1,-2.4,190.0,820.0,19m,1.5,-2.6,770.0,690,41m,0.5,-1.7,410,140.0,1m,3.2,-0.6999999999999997,80.0,550.0,17m,1.9000000000000001,-2.0,20.0,5,COMPLETE
26,26,-1.2317963915346999,2025-05-29 23:45:28.397511,2025-05-29 23:45:29.468725,0 days 00:00:01.071214,590.0,45m,2.5,-2.4,10.0,700.0,43m,1.6,-2.2,460.0,360.0,28m,3.1,-3.5,300.0,280,9m,1.2000000000000002,-2.8,870,,,,,,750.0,54m,2.0,-0.6999999999999997,150.0,430.0,42m,2.6,-1.1999999999999997,960.0,510,36m,2.3000000000000003,0.0,920,320.0,54m,2.2,-1.9,430.0,,,,,,4,COMPLETE
27,27,-2.114719068048553,2025-05-29 23:45:29.479241,2025-05-29 23:45:30.550629,0 days 00:00:01.071388,270.0,40m,1.0,-0.19999999999999973,330.0,540.0,30m,3.5,-0.5999999999999996,990.0,620.0,41m,1.4000000000000001,-2.6,450.0,600,21m,1.8,-2.0,810,,,,,,10.0,29m,3.0,-1.5999999999999999,400.0,770.0,42m,3.4000000000000004,-3.5,730.0,450,41m,0.0,-2.3,860,420.0,2m,3.5,-0.6999999999999997,280.0,,,,,,4,COMPLETE
28,28,-0.5585010006289048,2025-05-29 23:45:30.550629,2025-05-29 23:45:31.787991,0 days 00:00:01.237362,210.0,19m,0.8,-0.6999999999999997,290.0,590.0,2m,3.1,-0.3999999999999999,850.0,630.0,41m,1.4000000000000001,-2.0999999999999996,420.0,510,55m,1.7000000000000002,-1.4,980,440.0,19m,1.3,-0.8999999999999999,950.0,20.0,29m,3.1,-1.5999999999999999,480.0,780.0,51m,3.0,-2.7,660.0,330,28m,0.5,-2.4,880,390.0,2m,3.4000000000000004,-1.0999999999999996,490.0,50.0,37m,3.5,-2.0,650.0,5,COMPLETE
29,29,,2025-05-29 23:45:31.795750,2025-05-29 23:45:32.777166,0 days 00:00:00.981416,40.0,40m,1.5,-0.7999999999999998,650.0,480.0,30m,3.0,-1.0,860.0,750.0,41m,2.3000000000000003,-2.9,550.0,690,39m,1.4000000000000001,-2.7,750,,,,,,150.0,29m,3.5,-1.4,290.0,710.0,51m,3.5,-2.8,840.0,490,57m,0.6000000000000001,-3.2,630,660.0,15m,2.6,-0.3999999999999999,370.0,,,,,,4,FAIL
30,30,-2.0225119445504025,2025-05-29 23:45:32.784332,2025-05-29 23:45:33.763360,0 days 00:00:00.979028,30.0,40m,1.5,-0.8999999999999999,660.0,450.0,11m,3.0,-1.0,870.0,770.0,41m,1.7000000000000002,-2.8,530.0,690,42m,1.4000000000000001,-2.5,720,,,,,,180.0,29m,3.5,-1.4,270.0,690.0,51m,2.8000000000000003,-2.7,860.0,480,23m,0.5,-1.9,620,650.0,4m,2.5,-0.3999999999999999,400.0,,,,,,4,COMPLETE
31,31,-2.1393579566049037,2025-05-29 23:45:33.773553,2025-05-29 23:45:34.746222,0 days 00:00:00.972669,260.0,2m,0.5,-0.3999999999999999,360.0,280.0,28m,2.3000000000000003,-0.2999999999999998,650.0,460.0,43m,2.3000000000000003,-1.4,170.0,590,21m,2.5,-1.5999999999999999,880,,,,,,120.0,30m,3.0,-2.4,110.0,900.0,30m,3.5,-3.1,600.0,280,35m,1.3,-3.2,800,200.0,2m,1.1,-1.0,180.0,,,,,,4,COMPLETE
32,32,-1.9984584087713153,2025-05-29 23:45:34.756957,2025-05-29 23:45:35.522815,0 days 00:00:00.765858,,,,,,680.0,30m,3.5,-1.0999999999999996,890.0,560.0,13m,1.5,-2.2,380.0,350,49m,1.9000000000000001,-2.0,600,,,,,,270.0,53m,2.1,-1.7999999999999998,380.0,,,,,,600,26m,0.30000000000000004,-2.5,530,430.0,42m,3.5,-1.7,710.0,,,,,,3,COMPLETE
33,33,-0.5527474756995887,2025-05-29 23:45:35.532887,2025-05-29 23:45:36.705272,0 days 00:00:01.172385,150.0,43m,1.6,-1.1999999999999997,190.0,480.0,30m,2.7,-0.6999999999999997,980.0,680.0,29m,1.1,-2.9,690.0,800,21m,0.6000000000000001,-2.8,480,900.0,13m,1.1,-2.0999999999999996,570.0,110.0,4m,3.2,-0.6999999999999997,580.0,480.0,7m,1.8,-2.2,330.0,380,3m,1.8,-1.5,660,350.0,29m,3.1,-0.3999999999999999,360.0,630.0,48m,0.30000000000000004,-2.7,450.0,5,COMPLETE
34,34,0.7019351699084765,2025-05-29 23:45:36.705272,2025-05-29 23:45:37.904477,0 days 00:00:01.199205,400.0,9m,0.7000000000000001,0.0,710.0,680.0,29m,1.2000000000000002,0.0,610.0,330.0,7m,0.4,-1.2999999999999998,520.0,670,32m,2.1,-1.2999999999999998,810,30.0,9m,2.3000000000000003,-1.0,40.0,530.0,22m,2.8000000000000003,-1.2999999999999998,270.0,960.0,58m,0.9,-3.0,810.0,680,14m,0.6000000000000001,-3.2,980,670.0,59m,2.6,-0.3999999999999999,510.0,890.0,10m,1.1,-0.5999999999999996,720.0,5,COMPLETE
35,35,-1.7176123164940416,2025-05-29 23:45:37.915087,2025-05-29 23:45:39.114084,0 days 00:00:01.198997,500.0,18m,0.6000000000000001,0.0,700.0,940.0,29m,1.1,0.0,580.0,160.0,24m,0.30000000000000004,-1.1999999999999997,510.0,530,32m,2.5,-0.6999999999999997,1000,50.0,12m,2.3000000000000003,-1.0,80.0,530.0,16m,2.7,-1.0,250.0,1000.0,9m,0.9,-2.3,880.0,700,14m,0.7000000000000001,-3.2,1000,760.0,59m,2.5,-0.19999999999999973,560.0,1000.0,16m,1.0,-0.3999999999999999,750.0,5,COMPLETE
36,36,0.17352029500851857,2025-05-29 23:45:39.124554,2025-05-29 23:45:40.326768,0 days 00:00:01.202214,380.0,9m,0.1,-2.2,830.0,660.0,45m,1.2000000000000002,-0.2999999999999998,380.0,110.0,23m,0.6000000000000001,-1.4,680.0,450,57m,0.30000000000000004,-1.0,660,240.0,36m,2.9000000000000004,-1.0999999999999996,300.0,550.0,22m,2.3000000000000003,-1.1999999999999997,90.0,910.0,58m,1.4000000000000001,-1.0999999999999996,660.0,520,54m,1.3,-3.2,760,630.0,59m,2.5,-0.3999999999999999,660.0,780.0,50m,1.3,-0.6999999999999997,250.0,5,COMPLETE
37,37,-0.10132909684436024,2025-05-29 23:45:40.326768,2025-05-29 23:45:41.558396,0 days 00:00:01.231628,670.0,8m,0.8,-3.2,810.0,810.0,1m,1.9000000000000001,-0.2999999999999998,730.0,310.0,7m,3.1,-1.0999999999999996,550.0,280,5m,2.2,-1.1999999999999997,920,290.0,9m,2.4000000000000004,0.0,720.0,430.0,3m,3.3000000000000003,-2.0999999999999996,200.0,870.0,5m,0.9,-3.5,860.0,670,25m,2.0,-3.4,930,490.0,20m,1.8,-3.5,480.0,370.0,10m,2.3000000000000003,-1.1999999999999997,640.0,5,COMPLETE
38,38,1.4449978347169972,2025-05-29 23:45:41.558396,2025-05-29 23:45:42.590368,0 days 00:00:01.031972,300.0,42m,1.2000000000000002,-0.5,390.0,600.0,29m,0.8,-0.8999999999999999,600.0,530.0,36m,0.0,-2.0,480.0,690,44m,2.0,-1.2999999999999998,810,,,,,,60.0,33m,2.9000000000000004,-1.7,420.0,720.0,50m,0.0,-3.0,780.0,570,13m,0.7000000000000001,-2.6,850,510.0,41m,3.1,-0.8999999999999999,430.0,,,,,,4,COMPLETE
39,39,1.577283983345314,2025-05-29 23:45:42.590368,2025-05-29 23:45:43.368339,0 days 00:00:00.777971,,,,,,650.0,29m,0.7000000000000001,-0.8999999999999999,610.0,490.0,36m,0.2,-1.9,530.0,550,54m,2.0,-1.1999999999999997,800,,,,,,700.0,10m,2.8000000000000003,-1.4,300.0,,,,,,550,13m,1.1,-3.0,890,710.0,22m,2.7,-1.0,760.0,,,,,,3,COMPLETE
40,40,-1.9699339784803067,2025-05-29 23:45:43.384045,2025-05-29 23:45:44.142631,0 days 00:00:00.758586,,,,,,500.0,29m,0.6000000000000001,-1.2999999999999998,430.0,840.0,36m,0.2,-1.9,360.0,570,54m,2.8000000000000003,-0.6999999999999997,730,,,,,,730.0,33m,2.9000000000000004,-1.9,320.0,,,,,,560,13m,1.6,-2.5,180,830.0,22m,3.2,-1.5,760.0,,,,,,3,COMPLETE
41,41,-2.996010106645527,2025-05-29 23:45:44.142631,2025-05-29 23:45:44.710923,0 days 00:00:00.568292,,,,,,,,,,,490.0,36m,0.0,-2.4,640.0,420,44m,1.0,-1.7,630,,,,,,990.0,28m,2.4000000000000004,-1.9,560.0,,,,,,550,13m,1.1,-3.0,360,,,,,,,,,,,2,COMPLETE
42,42,,2025-05-29 23:45:44.721504,2025-05-29 23:45:45.474972,0 days 00:00:00.753468,,,,,,630.0,36m,0.1,-1.0,670.0,540.0,47m,1.0,-2.0,480.0,530,40m,1.9000000000000001,-0.3999999999999999,530,,,,,,760.0,23m,3.3000000000000003,-1.5999999999999999,80.0,,,,,,420,37m,0.7000000000000001,-2.6,780,960.0,52m,2.8000000000000003,-1.0,800.0,,,,,,3,FAIL
43,43,-0.12360604876071403,2025-05-29 23:45:45.485848,2025-05-29 23:45:46.243652,0 days 00:00:00.757804,,,,,,630.0,6m,0.0,-0.8999999999999999,370.0,410.0,9m,0.9,-2.0,780.0,810,28m,0.0,-0.2999999999999998,540,,,,,,830.0,10m,3.3000000000000003,-1.5999999999999999,120.0,,,,,,420,56m,0.7000000000000001,-2.6,760,540.0,41m,2.8000000000000003,-1.0,610.0,,,,,,3,COMPLETE
44,44,-1.4916980913295261,2025-05-29 23:45:46.243652,2025-05-29 23:45:46.976550,0 days 00:00:00.732898,,,,,,740.0,33m,0.7000000000000001,-0.8999999999999999,660.0,550.0,54m,0.6000000000000001,-2.6,480.0,540,2m,1.9000000000000001,-1.0999999999999996,870,,,,,,700.0,37m,2.7,-2.3,220.0,,,,,,350,19m,0.2,-2.0999999999999996,900,770.0,34m,3.1,-1.1999999999999997,790.0,,,,,,3,COMPLETE
45,45,0.2928066215393806,2025-05-29 23:45:46.976550,2025-05-29 23:45:47.911539,0 days 00:00:00.934989,10.0,29m,2.0,-1.1999999999999997,430.0,380.0,42m,0.7000000000000001,-2.0,780.0,710.0,57m,0.0,-1.7,570.0,370,15m,1.5,-0.7999999999999998,930,,,,,,220.0,19m,1.7000000000000002,-1.5,370.0,670.0,2m,0.1,-1.7999999999999998,370.0,830,16m,1.4000000000000001,-2.9,800,470.0,11m,2.3000000000000003,-0.8999999999999999,920.0,,,,,,4,COMPLETE
46,46,-0.6763037404828602,2025-05-29 23:45:47.919052,2025-05-29 23:45:48.723859,0 days 00:00:00.804807,,,,,,870.0,3m,1.4000000000000001,-1.2999999999999998,560.0,820.0,2m,1.1,-2.3,200.0,470,7m,2.7,-2.0,670,,,,,,310.0,8m,3.5,-2.7,440.0,,,,,,630,45m,1.1,-1.2999999999999998,130,480.0,56m,2.8000000000000003,-1.7999999999999998,570.0,,,,,,3,COMPLETE
47,47,-1.4162194706963098,2025-05-29 23:45:48.723859,2025-05-29 23:45:49.324721,0 days 00:00:00.600862,,,,,,,,,,,520.0,15m,0.4,-3.0,300.0,770,1m,3.1,-3.2,490,,,,,,80.0,25m,1.2000000000000002,-2.2,10.0,,,,,,500,37m,0.8,-3.5,710,,,,,,,,,,,2,COMPLETE
48,48,-2.3377316471555556,2025-05-29 23:45:49.324721,2025-05-29 23:45:50.364240,0 days 00:00:01.039519,110.0,42m,1.4000000000000001,-0.5,210.0,750.0,53m,0.4,-1.5999999999999999,730.0,430.0,45m,2.4000000000000004,-2.7,410.0,900,51m,2.4000000000000004,-0.5,760,,,,,,790.0,38m,2.2,-2.6,150.0,550.0,10m,2.4000000000000004,-2.5,640.0,410,1m,1.8,-2.8,840,1000.0,18m,1.8,-0.5999999999999996,210.0,,,,,,4,COMPLETE
49,49,-1.5443860442318564,2025-05-29 23:45:50.371969,2025-05-29 23:45:51.616384,0 days 00:00:01.244415,460.0,7m,0.8,-0.2999999999999998,20.0,610.0,39m,0.9,-0.3999999999999999,620.0,270.0,14m,0.5,-1.4,500.0,640,59m,2.3000000000000003,-1.1999999999999997,810,710.0,9m,1.3,-1.5999999999999999,10.0,600.0,23m,2.8000000000000003,-1.9,310.0,1000.0,50m,0.5,-3.1,860.0,750,33m,0.7000000000000001,-3.1,970,660.0,49m,2.7,-0.3999999999999999,470.0,790.0,31m,1.0,-1.2999999999999998,900.0,5,COMPLETE
50,50,,2025-05-29 23:45:51.626871,2025-05-29 23:45:52.448319,0 days 00:00:00.821448,,,,,,530.0,29m,1.5,-0.19999999999999973,560.0,340.0,25m,0.8,-0.7999999999999998,540.0,690,39m,2.1,-1.2999999999999998,830,,,,,,650.0,58m,2.6,-1.2999999999999998,250.0,,,,,,560,34m,0.6000000000000001,-3.2,910,700.0,7m,2.5,-0.5,740.0,,,,,,3,FAIL
51,51,,2025-05-29 23:45:52.459045,2025-05-29 23:45:53.274400,0 days 00:00:00.815355,,,,,,530.0,29m,1.5,-0.19999999999999973,590.0,340.0,34m,0.7000000000000001,-0.7999999999999998,560.0,680,38m,2.0,-1.2999999999999998,830,,,,,,470.0,41m,2.6,-1.2999999999999998,240.0,,,,,,560,47m,0.6000000000000001,-3.3,10,700.0,17m,2.6,-0.19999999999999973,730.0,,,,,,3,FAIL
52,52,,2025-05-29 23:45:53.274400,2025-05-29 23:45:54.061029,0 days 00:00:00.786629,,,,,,520.0,59m,1.4000000000000001,-0.19999999999999973,590.0,340.0,40m,0.8,0.0,550.0,680,40m,2.0,-1.2999999999999998,830,,,,,,460.0,27m,3.2,-1.2999999999999998,250.0,,,,,,560,27m,0.6000000000000001,-3.3,910,700.0,9m,2.6,-0.5,540.0,,,,,,3,FAIL
53,53,,2025-05-29 23:45:54.071608,2025-05-29 23:45:54.864729,0 days 00:00:00.793121,,,,,,520.0,29m,1.4000000000000001,-0.09999999999999964,620.0,330.0,47m,0.8,-0.6999999999999997,540.0,680,31m,2.0,-1.1999999999999997,840,,,,,,640.0,44m,2.8000000000000003,-1.2999999999999998,240.0,,,,,,550,34m,0.6000000000000001,-3.3,920,600.0,58m,2.5,-0.19999999999999973,740.0,,,,,,3,FAIL
54,54,-0.7023121826567592,2025-05-29 23:45:54.876303,2025-05-29 23:45:55.595808,0 days 00:00:00.719505,,,,,,520.0,17m,1.4000000000000001,-0.19999999999999973,590.0,90.0,39m,0.8,-0.8999999999999999,550.0,680,3m,1.9000000000000001,-1.2999999999999998,830,,,,,,660.0,59m,2.8000000000000003,-1.2999999999999998,250.0,,,,,,560,42m,0.6000000000000001,-3.3,950,710.0,25m,2.6,-0.19999999999999973,540.0,,,,,,3,COMPLETE
55,55,1.0769426118179168,2025-05-29 23:45:55.602169,2025-05-29 23:45:56.633563,0 days 00:00:01.031394,320.0,9m,1.4000000000000001,0.0,570.0,710.0,29m,0.9,-0.5999999999999996,510.0,350.0,6m,0.2,-1.5999999999999999,620.0,690,58m,2.1,-0.8999999999999999,950,,,,,,450.0,32m,2.6,-0.7999999999999998,340.0,850.0,50m,1.9000000000000001,-3.1,730.0,740,43m,1.0,-3.0,890,580.0,3m,3.0,-0.3999999999999999,310.0,,,,,,4,COMPLETE
56,56,-1.3359558092293993,2025-05-29 23:45:56.641144,2025-05-29 23:45:57.718862,0 days 00:00:01.077718,320.0,38m,1.4000000000000001,-0.8999999999999999,550.0,20.0,49m,0.9,-1.0999999999999996,490.0,540.0,6m,0.2,-1.5999999999999999,640.0,560,58m,1.2000000000000002,-0.8999999999999999,960,,,,,,180.0,32m,2.6,-0.7999999999999998,540.0,830.0,48m,1.8,-3.2,700.0,900,43m,1.6,-2.7,890,550.0,9m,3.0,-0.5999999999999996,280.0,,,,,,4,COMPLETE
57,57,-1.3671872611426428,2025-05-29 23:45:57.729273,2025-05-29 23:45:58.660963,0 days 00:00:00.931690,,,,,,790.0,9m,0.4,-0.5,530.0,370.0,47m,1.1,-1.9,890.0,730,12m,2.6,-0.5,930,,,,,,900.0,44m,3.2,-0.3999999999999999,360.0,,,,,,750,38m,1.0,-2.9,310,590.0,38m,3.3000000000000003,-0.8999999999999999,320.0,,,,,,3,COMPLETE
58,58,-0.2942997655109999,2025-05-29 23:45:58.669513,2025-05-29 23:45:59.701175,0 days 00:00:01.031662,190.0,25m,1.8,-0.3999999999999999,370.0,130.0,34m,1.7000000000000002,-0.7999999999999998,330.0,670.0,52m,0.0,-2.0999999999999996,750.0,700,34m,2.1,-1.5999999999999999,870,,,,,,450.0,14m,2.5,-0.3999999999999999,500.0,710.0,50m,2.1,-2.8,600.0,820,52m,1.1,-2.2,720,600.0,45m,2.9000000000000004,-1.5999999999999999,150.0,,,,,,4,COMPLETE
59,59,1.6896626558939185,2025-05-29 23:45:59.706385,2025-05-29 23:46:00.749765,0 days 00:00:01.043380,80.0,48m,2.2,-1.9,410.0,420.0,25m,2.1,-1.2999999999999998,90.0,460.0,51m,0.7000000000000001,-1.5999999999999999,660.0,790,56m,3.2,-1.0,1000,,,,,,70.0,11m,3.3000000000000003,-1.0999999999999996,430.0,850.0,49m,2.7,-3.3,1000.0,460,6m,2.0,-2.6,20,510.0,3m,3.0,-1.1999999999999997,730.0,,,,,,4,COMPLETE
60,60,-2.601293610502441,2025-05-29 23:46:00.760323,2025-05-29 23:46:01.581558,0 days 00:00:00.821235,,,,,,290.0,22m,2.1,-1.4,110.0,440.0,51m,0.6000000000000001,-1.5999999999999999,840.0,830,31m,3.0,-1.0,340,,,,,,600.0,45m,2.6,-1.0,650.0,,,,,,640,6m,2.7,-3.5,40,520.0,58m,2.3000000000000003,-1.1999999999999997,870.0,,,,,,3,COMPLETE
61,61,,2025-05-29 23:46:01.592037,2025-05-29 23:46:02.153523,0 days 00:00:00.561486,,,,,,,,,,,290.0,30m,0.2,-1.7999999999999998,1000.0,870,39m,0.9,-0.2999999999999998,590,,,,,,80.0,11m,3.4000000000000004,-0.5999999999999996,450.0,,,,,,280,32m,2.0,-3.0,580,,,,,,,,,,,2,FAIL
62,62,-0.5674106076109855,2025-05-29 23:46:02.163602,2025-05-29 23:46:02.752275,0 days 00:00:00.588673,,,,,,,,,,,490.0,44m,0.2,-1.0,670.0,870,13m,0.9,-0.09999999999999964,590,,,,,,50.0,13m,3.4000000000000004,-0.5999999999999996,590.0,,,,,,940,44m,2.5,-2.6,480,,,,,,,,,,,2,COMPLETE
63,63,-2.32465892391986,2025-05-29 23:46:02.752275,2025-05-29 23:46:03.799049,0 days 00:00:01.046774,80.0,48m,2.6,-2.0,610.0,390.0,25m,2.2,-1.7,690.0,260.0,1m,0.4,-1.9,610.0,770,4m,3.3000000000000003,-0.7999999999999998,760,,,,,,360.0,39m,3.0,-0.09999999999999964,970.0,370.0,49m,2.7,-3.5,1000.0,790,15m,2.1,-3.0,250,440.0,3m,3.0,-2.0999999999999996,760.0,,,,,,4,COMPLETE
64,64,0.15540924994701064,2025-05-29 23:46:03.809681,2025-05-29 23:46:04.841754,0 days 00:00:01.032073,190.0,54m,2.3000000000000003,-1.4,420.0,220.0,59m,2.5,-1.1999999999999997,430.0,380.0,38m,0.8,-0.5999999999999996,580.0,960,56m,1.7000000000000002,-1.1999999999999997,950,,,,,,150.0,48m,3.3000000000000003,-1.0999999999999996,430.0,850.0,27m,3.1,-3.3,920.0,450,10m,3.5,-2.8,570,350.0,3m,3.3000000000000003,-0.5999999999999996,660.0,,,,,,4,COMPLETE
65,65,-0.7266686784645634,2025-05-29 23:46:04.841754,2025-05-29 23:46:05.862560,0 days 00:00:01.020806,80.0,22m,1.2000000000000002,-2.6,240.0,540.0,4m,1.9000000000000001,-0.7999999999999998,170.0,600.0,49m,2.1,-1.5999999999999999,480.0,650,14m,3.2,-0.8999999999999999,1000,,,,,,60.0,11m,3.2,-1.4,80.0,730.0,32m,2.9000000000000004,-2.9,720.0,300,51m,1.5,-2.4,810,250.0,48m,3.0,-1.2999999999999998,720.0,,,,,,4,COMPLETE
66,66,-0.641631315193356,2025-05-29 23:46:05.872974,2025-05-29 23:46:06.924887,0 days 00:00:01.051913,310.0,11m,1.7000000000000002,-1.7999999999999998,500.0,450.0,7m,0.8,-1.0,280.0,570.0,55m,1.8,-2.3,720.0,600,33m,0.4,-1.0999999999999996,900,,,,,,210.0,34m,2.9000000000000004,-2.0,470.0,810.0,36m,2.1,-2.4,790.0,480,57m,2.0,-1.7999999999999998,850,570.0,26m,2.0,0.0,420.0,,,,,,4,COMPLETE
67,67,-0.1382704691668198,2025-05-29 23:46:06.933269,2025-05-29 23:46:07.713696,0 days 00:00:00.780427,,,,,,730.0,52m,0.30000000000000004,-0.5999999999999996,540.0,500.0,21m,0.2,-1.7999999999999998,600.0,720,20m,2.3000000000000003,-1.5,850,,,,,,80.0,18m,3.1,-1.7,340.0,,,,,,250,55m,0.9,-2.0999999999999996,670,510.0,21m,3.2,-0.7999999999999998,610.0,,,,,,3,COMPLETE
68,68,-2.9563008834144755,2025-05-29 23:46:07.713696,2025-05-29 23:46:08.767102,0 days 00:00:01.053406,100.0,5m,1.0,-0.09999999999999964,560.0,640.0,54m,2.4000000000000004,-0.6999999999999997,10.0,200.0,8m,3.2,-2.0999999999999996,400.0,510,24m,1.3,-0.5999999999999996,120,,,,,,790.0,49m,3.5,-0.8999999999999999,860.0,630.0,35m,2.4000000000000004,-3.2,560.0,370,18m,1.3,-2.6,370,310.0,44m,2.8000000000000003,-0.19999999999999973,820.0,,,,,,4,COMPLETE
69,69,-2.35553134202676,2025-05-29 23:46:08.773206,2025-05-29 23:46:09.815740,0 days 00:00:01.042534,170.0,39m,3.0,-2.0999999999999996,390.0,570.0,32m,2.8000000000000003,-2.9,780.0,310.0,10m,2.6,-2.4,450.0,620,36m,2.0,-0.2999999999999998,960,,,,,,280.0,17m,2.4000000000000004,-1.7,160.0,920.0,26m,1.6,-2.0,460.0,540,30m,1.7000000000000002,-3.3,920,370.0,15m,1.4000000000000001,-2.8,320.0,,,,,,4,COMPLETE
70,70,0.5618406684490168,2025-05-29 23:46:09.815740,2025-05-29 23:46:10.639226,0 days 00:00:00.823486,,,,,,430.0,40m,1.0,-1.5,500.0,650.0,37m,0.7000000000000001,-3.2,320.0,780,38m,3.5,-1.4,900,,,,,,150.0,52m,1.3,-1.1999999999999997,390.0,,,,,,590,46m,2.4000000000000004,-2.8,80,460.0,7m,3.3000000000000003,-0.7999999999999998,230.0,,,,,,3,COMPLETE
71,71,-0.41431161081747525,2025-05-29 23:46:10.639226,2025-05-29 23:46:11.693096,0 days 00:00:01.053870,60.0,15m,1.3,-0.19999999999999973,120.0,230.0,23m,0.0,-0.5,920.0,450.0,34m,2.8000000000000003,-1.5,980.0,940,17m,1.8,-2.4,780,,,,,,630.0,46m,3.3000000000000003,-1.5,220.0,870.0,13m,1.2000000000000002,-1.4,920.0,400,34m,0.1,-2.4,770,700.0,14m,2.4000000000000004,-1.0999999999999996,370.0,,,,,,4,COMPLETE
72,72,-2.1721392078648747,2025-05-29 23:46:11.693096,2025-05-29 23:46:12.967468,0 days 00:00:01.274372,240.0,51m,2.0,-0.6999999999999997,250.0,340.0,44m,1.5,-1.0999999999999996,460.0,70.0,40m,0.1,-1.7999999999999998,550.0,840,37m,2.9000000000000004,-2.7,960,620.0,7m,0.7000000000000001,-3.0,350.0,480.0,2m,1.9000000000000001,-0.5999999999999996,60.0,650.0,25m,0.4,-0.7999999999999998,190.0,130,4m,0.30000000000000004,-3.0,880,610.0,35m,2.0,-0.5999999999999996,270.0,310.0,44m,2.7,-2.6,310.0,5,COMPLETE
73,73,2.0068008740471157,2025-05-29 23:46:12.976506,2025-05-29 23:46:14.222615,0 days 00:00:01.246109,930.0,20m,0.30000000000000004,-1.2999999999999998,480.0,850.0,37m,3.2,-0.8999999999999999,660.0,590.0,25m,0.30000000000000004,-0.09999999999999964,720.0,740,39m,1.1,-1.9,840,390.0,54m,0.0,-2.6,690.0,700.0,42m,2.9000000000000004,-3.3,300.0,940.0,24m,2.6,0.0,820.0,460,22m,1.0,-3.1,830,10.0,12m,2.7,-1.2999999999999998,440.0,10.0,51m,3.5,-2.9,80.0,5,COMPLETE
74,74,0.6673789730197036,2025-05-29 23:46:14.233061,2025-05-29 23:46:15.511982,0 days 00:00:01.278921,900.0,20m,0.30000000000000004,-1.7,460.0,830.0,37m,3.2,-0.8999999999999999,660.0,580.0,32m,0.30000000000000004,0.0,650.0,740,19m,1.5,-2.2,840,350.0,48m,0.0,-2.7,710.0,750.0,42m,3.1,-3.4,300.0,930.0,12m,2.6,0.0,810.0,460,8m,1.0,-3.1,810,840.0,12m,2.7,-1.4,440.0,10.0,51m,3.5,-2.9,20.0,5,COMPLETE
75,75,0.1718512691272467,2025-05-29 23:46:15.524262,2025-05-29 23:46:16.809589,0 days 00:00:01.285327,580.0,13m,1.0,-1.4,540.0,880.0,16m,3.3000000000000003,-0.6999999999999997,630.0,710.0,27m,0.5,0.0,720.0,40,39m,0.2,-1.9,1000,650.0,54m,0.7000000000000001,-2.5,660.0,720.0,12m,2.9000000000000004,-3.1,420.0,950.0,57m,2.0,-0.2999999999999998,730.0,430,5m,1.2000000000000002,-3.4,840,60.0,43m,2.9000000000000004,-1.0,380.0,160.0,28m,2.8000000000000003,-3.1,170.0,5,COMPLETE
76,76,-1.5851539969627146,2025-05-29 23:46:16.809589,2025-05-29 23:46:18.088610,0 days 00:00:01.279021,800.0,14m,0.30000000000000004,-1.0999999999999996,500.0,590.0,41m,2.9000000000000004,-0.5,560.0,540.0,25m,0.1,-0.2999999999999998,800.0,700,45m,1.1,-1.7999999999999998,910,180.0,53m,0.5,-3.2,870.0,930.0,20m,0.7000000000000001,-3.0,330.0,850.0,24m,3.2,-1.5999999999999999,940.0,510,32m,0.8,-3.1,200,200.0,23m,3.1,-1.2999999999999998,720.0,510.0,46m,3.1,-2.4,130.0,5,COMPLETE
77,77,-2.2611919244313348,2025-05-29 23:46:18.100631,2025-05-29 23:46:19.349725,0 days 00:00:01.249094,310.0,53m,0.0,-2.0,610.0,1000.0,8m,0.5,-0.19999999999999973,700.0,470.0,19m,1.7000000000000002,-2.2,510.0,120,25m,0.7000000000000001,-1.5999999999999999,420,410.0,39m,0.0,-1.4,500.0,660.0,56m,3.4000000000000004,-3.5,270.0,790.0,3m,2.3000000000000003,-0.5,820.0,570,40m,0.4,-3.3,950,70.0,28m,3.4000000000000004,-0.7999999999999998,330.0,660.0,34m,2.4000000000000004,-3.1,520.0,5,COMPLETE
78,78,,2025-05-29 23:46:19.349725,2025-05-29 23:46:20.402242,0 days 00:00:01.052517,130.0,56m,2.2,-1.5999999999999999,320.0,150.0,51m,3.4000000000000004,-1.0,750.0,640.0,46m,0.30000000000000004,-2.5,620.0,880,27m,1.6,-0.8999999999999999,700,,,,,,570.0,58m,3.0,-2.7,460.0,730.0,31m,1.3,-2.0,740.0,470,39m,1.4000000000000001,-2.5,610,420.0,52m,0.1,-1.0999999999999996,450.0,,,,,,4,FAIL
79,79,,2025-05-29 23:46:20.402242,2025-05-29 23:46:21.480341,0 days 00:00:01.078099,800.0,44m,1.6,-1.5999999999999999,320.0,700.0,57m,2.0,-0.7999999999999998,800.0,410.0,46m,0.30000000000000004,-2.5,450.0,650,54m,1.6,-2.2,700,,,,,,830.0,35m,0.2,-3.2,460.0,740.0,28m,1.1,-2.0,750.0,470,22m,1.4000000000000001,-2.7,730,410.0,33m,0.2,-0.5,450.0,,,,,,4,FAIL
80,80,-1.0369615328866135,2025-05-29 23:46:21.487008,2025-05-29 23:46:22.477607,0 days 00:00:00.990599,140.0,32m,2.2,-1.5999999999999999,320.0,710.0,36m,2.0,-1.0,760.0,410.0,50m,0.30000000000000004,-2.5,690.0,660,53m,1.6,-2.2,780,,,,,,110.0,9m,3.0,-2.7,180.0,730.0,43m,1.3,-3.0,750.0,490,22m,1.9000000000000001,-2.7,610,10.0,32m,0.0,-1.0999999999999996,880.0,,,,,,4,COMPLETE
81,81,,2025-05-29 23:46:22.491332,2025-05-29 23:46:23.701914,0 days 00:00:01.210582,460.0,59m,1.5,-1.7999999999999998,400.0,150.0,50m,2.6,-0.7999999999999998,600.0,1000.0,31m,1.2000000000000002,-2.0,620.0,570,44m,2.0,-1.0999999999999996,720,150.0,41m,1.0,-0.3999999999999999,630.0,30.0,50m,2.7,-1.0999999999999996,460.0,110.0,31m,2.5,-3.4,680.0,340,27m,1.5,-2.9,900,150.0,27m,2.7,-1.5,460.0,440.0,29m,1.6,-2.3,270.0,5,FAIL
82,82,1.0489333478199976,2025-05-29 23:46:23.710382,2025-05-29 23:46:25.030063,0 days 00:00:01.319681,790.0,44m,3.5,-1.7999999999999998,160.0,550.0,55m,3.5,-1.1999999999999997,590.0,640.0,46m,1.0,-0.5999999999999996,440.0,570,11m,2.0,-1.2999999999999998,710,780.0,22m,3.5,-0.5,620.0,570.0,50m,2.7,-1.0999999999999996,470.0,870.0,34m,0.7000000000000001,-3.3,700.0,350,27m,1.4000000000000001,-2.9,900,550.0,30m,2.7,-1.5,450.0,400.0,12m,0.0,-2.2,290.0,5,COMPLETE
83,83,-0.888613579461676,2025-05-29 23:46:25.042423,2025-05-29 23:46:26.386563,0 days 00:00:01.344140,990.0,44m,3.5,-1.7999999999999998,80.0,150.0,55m,3.1,-1.2999999999999998,600.0,600.0,46m,1.0,-0.5999999999999996,630.0,620,11m,2.0,-1.2999999999999998,700,790.0,22m,3.3000000000000003,-0.3999999999999999,620.0,570.0,35m,2.7,-1.0999999999999996,460.0,110.0,34m,0.4,-3.3,660.0,360,27m,1.4000000000000001,-2.9,1000,540.0,16m,1.1,-1.5,460.0,410.0,2m,0.0,-2.3,270.0,5,COMPLETE
84,84,-2.582721330685218,2025-05-29 23:46:26.394763,2025-05-29 23:46:27.718189,0 days 00:00:01.323426,840.0,58m,2.9000000000000004,-2.3,150.0,480.0,47m,2.6,-1.9,680.0,40.0,22m,0.5,-0.2999999999999998,740.0,570,40m,2.2,-1.0999999999999996,730,550.0,29m,1.6,-0.5999999999999996,390.0,630.0,50m,2.4000000000000004,-0.8999999999999999,510.0,890.0,31m,0.7000000000000001,-1.0,690.0,720,47m,1.5,-3.1,650,410.0,52m,2.7,-1.5999999999999999,540.0,160.0,11m,1.5,-3.2,420.0,5,COMPLETE
85,85,-1.3690112991645471,2025-05-29 23:46:27.726392,2025-05-29 23:46:29.028260,0 days 00:00:01.301868,910.0,50m,3.4000000000000004,-1.4,460.0,770.0,24m,3.5,-1.1999999999999997,520.0,190.0,35m,1.3,-0.6999999999999997,580.0,750,52m,2.4000000000000004,-0.7999999999999998,690,820.0,54m,3.5,-2.0999999999999996,740.0,830.0,41m,2.6,-1.1999999999999997,520.0,960.0,47m,0.2,-3.4,590.0,640,20m,1.2000000000000002,-3.3,520,770.0,53m,2.4000000000000004,-1.9,590.0,150.0,51m,2.2,-1.4,110.0,5,COMPLETE
86,86,-0.6399387321686905,2025-05-29 23:46:29.036965,2025-05-29 23:46:30.337376,0 days 00:00:01.300411,760.0,16m,1.8,-2.0,350.0,650.0,58m,1.2000000000000002,-1.4,640.0,630.0,20m,0.1,-0.09999999999999964,430.0,480,27m,2.0,-1.5,850,130.0,4m,2.7,-0.5,820.0,690.0,26m,2.8000000000000003,-1.4,390.0,750.0,15m,1.1,-2.8,1000.0,260,17m,1.7000000000000002,-3.4,910,690.0,30m,2.6,-1.4,520.0,610.0,41m,0.7000000000000001,-2.2,360.0,5,COMPLETE
87,87,-2.5425828121062004,2025-05-29 23:46:30.340655,2025-05-29 23:46:31.438875,0 days 00:00:01.098220,890.0,26m,1.2000000000000002,-1.5999999999999999,280.0,550.0,29m,3.3000000000000003,-0.7999999999999998,570.0,770.0,30m,0.7000000000000001,-2.0,470.0,440,54m,1.8,-1.0,530,,,,,,30.0,6m,3.2,-1.7999999999999998,360.0,810.0,54m,2.3000000000000003,-3.2,750.0,400,39m,0.8,-2.5,870,640.0,6m,2.9000000000000004,-1.1999999999999997,670.0,,,,,,4,COMPLETE
88,88,-1.3155846811682312,2025-05-29 23:46:31.438875,2025-05-29 23:46:32.561718,0 days 00:00:01.122843,50.0,31m,1.5,-0.6999999999999997,390.0,680.0,14m,3.5,-0.3999999999999999,950.0,520.0,53m,0.4,-2.0,540.0,580,22m,1.5,-2.0999999999999996,940,,,,,,740.0,7m,2.9000000000000004,-1.5,230.0,870.0,40m,0.0,-3.0,840.0,530,21m,1.0,-2.8,950,450.0,36m,3.1,-0.8999999999999999,420.0,,,,,,4,COMPLETE
89,89,0.16854218087171038,2025-05-29 23:46:32.573421,2025-05-29 23:46:33.898481,0 days 00:00:01.325060,690.0,59m,1.1,-0.19999999999999973,190.0,600.0,37m,3.2,-1.0,460.0,580.0,58m,0.9,-1.1999999999999997,500.0,520,42m,2.2,-1.7,640,990.0,22m,0.9,-1.4,460.0,570.0,33m,3.4000000000000004,-1.2999999999999998,410.0,770.0,53m,3.5,-3.4,900.0,470,50m,0.6000000000000001,-2.6,860,520.0,47m,3.5,-0.5,10.0,440.0,21m,0.6000000000000001,-1.5999999999999999,250.0,5,COMPLETE
90,90,-1.6555889071834273,2025-05-29 23:46:33.908452,2025-05-29 23:46:35.205313,0 days 00:00:01.296861,950.0,55m,1.6,-1.9,300.0,500.0,35m,3.4000000000000004,-0.5999999999999996,820.0,700.0,36m,1.6,-0.3999999999999999,360.0,550,46m,0.0,-1.2999999999999998,890,560.0,38m,0.30000000000000004,-2.5,600.0,400.0,27m,3.1,-1.0,280.0,950.0,56m,1.6,-2.7,780.0,340,59m,1.4000000000000001,-2.2,780,570.0,40m,2.9000000000000004,-1.0,500.0,250.0,12m,1.5,-2.7,210.0,5,COMPLETE
91,91,,2025-05-29 23:46:35.213824,2025-05-29 23:46:36.051233,0 days 00:00:00.837409,,,,,,450.0,51m,1.8,-0.8999999999999999,600.0,660.0,42m,1.9000000000000001,-0.19999999999999973,380.0,640,50m,1.7000000000000002,-0.8999999999999999,980,,,,,,780.0,58m,2.7,-0.7999999999999998,450.0,,,,,,440,28m,1.1,-2.3,740,400.0,37m,3.4000000000000004,-0.2999999999999998,380.0,,,,,,3,FAIL
92,92,-0.6986838656056946,2025-05-29 23:46:36.062667,2025-05-29 23:46:36.886277,0 days 00:00:00.823610,,,,,,410.0,5m,1.8,-0.09999999999999964,100.0,130.0,17m,1.2000000000000002,-0.19999999999999973,30.0,810,35m,1.3,-2.6,790,,,,,,770.0,58m,2.2,-0.7999999999999998,120.0,,,,,,310,28m,0.9,-2.9,740,410.0,22m,2.2,-0.2999999999999998,400.0,,,,,,3,COMPLETE
93,93,-1.3595234175204172,2025-05-29 23:46:36.900464,2025-05-29 23:46:37.980796,0 days 00:00:01.080332,440.0,23m,0.9,-0.5,250.0,610.0,27m,3.0,-0.6999999999999997,600.0,650.0,46m,0.0,-2.3,390.0,690,50m,1.7000000000000002,-0.8999999999999999,560,,,,,,510.0,31m,0.0,-1.0999999999999996,450.0,820.0,45m,1.9000000000000001,-1.2999999999999998,640.0,440,49m,1.2000000000000002,-2.3,830,150.0,41m,3.2,-0.6999999999999997,640.0,,,,,,4,COMPLETE
94,94,-0.10666490422217444,2025-05-29 23:46:37.992103,2025-05-29 23:46:39.078287,0 days 00:00:01.086184,610.0,28m,0.5,0.0,410.0,550.0,57m,0.6000000000000001,-0.8999999999999999,370.0,340.0,11m,1.9000000000000001,-2.6,460.0,400,44m,2.6,-1.1999999999999997,750,,,,,,840.0,55m,2.7,-2.0999999999999996,350.0,580.0,37m,0.7000000000000001,-1.5999999999999999,680.0,190,13m,0.4,-2.7,900,490.0,51m,3.4000000000000004,-1.1999999999999997,750.0,,,,,,4,COMPLETE
95,95,-1.2135708620514574,2025-05-29 23:46:39.086044,2025-05-29 23:46:40.336617,0 days 00:00:01.250573,10.0,57m,2.6,-1.0,460.0,460.0,10m,3.4000000000000004,-1.0999999999999996,500.0,730.0,6m,0.7000000000000001,-1.5,660.0,630,41m,1.9000000000000001,-1.9,830,340.0,30m,1.8,-1.9,260.0,700.0,10m,3.2,-1.5999999999999999,310.0,890.0,18m,2.9000000000000004,-2.0,760.0,580,41m,1.9000000000000001,-0.8999999999999999,290,300.0,24m,2.7,-1.7,350.0,870.0,14m,3.2,-3.2,540.0,5,COMPLETE
96,96,,2025-05-29 23:46:40.347090,2025-05-29 23:46:41.195887,0 days 00:00:00.848797,,,,,,520.0,18m,2.2,-2.4,430.0,470.0,31m,0.30000000000000004,-2.7,570.0,710,47m,0.5,-1.5,870,,,,,,130.0,42m,2.5,-0.6999999999999997,190.0,,,,,,390,29m,1.3,-3.2,970,740.0,31m,2.5,-1.0999999999999996,810.0,,,,,,3,FAIL
97,97,-1.371930739239545,2025-05-29 23:46:41.203321,2025-05-29 23:46:41.562255,0 days 00:00:00.358934,,,,,,,,,,,,,,,,670,58m,2.1,-1.5,980,,,,,,,,,,,,,,,,400,9m,1.3,0.0,970,,,,,,,,,,,1,COMPLETE
98,98,1.8028939407630287,2025-05-29 23:46:41.570760,2025-05-29 23:46:42.400496,0 days 00:00:00.829736,,,,,,330.0,31m,2.2,-2.6,420.0,520.0,31m,0.30000000000000004,-2.7,610.0,880,47m,1.4000000000000001,-3.0,450,,,,,,670.0,21m,0.2,-0.6999999999999997,250.0,,,,,,520,6m,1.1,-3.0,940,620.0,13m,2.5,-0.5,800.0,,,,,,3,COMPLETE
99,99,,2025-05-29 23:46:42.408242,2025-05-29 23:46:43.249672,0 days 00:00:00.841430,,,,,,340.0,26m,2.2,-2.2,210.0,470.0,31m,0.1,-2.8,610.0,890,23m,1.4000000000000001,-3.0,470,,,,,,670.0,21m,0.4,-1.1999999999999997,190.0,,,,,,610,43m,1.1,-3.0,880,750.0,13m,2.5,-0.5,820.0,,,,,,3,FAIL
100,100,0.44949119383695313,2025-05-29 23:46:43.249672,2025-05-29 23:46:44.023719,0 days 00:00:00.774047,,,,,,270.0,13m,2.3000000000000003,-2.7,410.0,470.0,59m,0.30000000000000004,-2.9,610.0,890,47m,1.4000000000000001,-3.0,440,,,,,,670.0,21m,0.4,-0.5999999999999996,250.0,,,,,,500,6m,1.1,-3.0,920,620.0,55m,2.4000000000000004,-0.5,810.0,,,,,,3,COMPLETE
101,101,1.977790957382538,2025-05-29 23:46:44.031793,2025-05-29 23:46:44.863276,0 days 00:00:00.831483,,,,,,320.0,46m,2.1,-3.5,220.0,530.0,31m,0.2,-3.5,530.0,780,39m,1.0,-3.3,250,,,,,,630.0,43m,1.0,-0.6999999999999997,290.0,,,,,,530,6m,1.6,-3.2,940,570.0,13m,2.6,-0.2999999999999998,780.0,,,,,,3,COMPLETE
102,102,0.1672866221705788,2025-05-29 23:46:44.871740,2025-05-29 23:46:45.708060,0 days 00:00:00.836320,,,,,,320.0,46m,2.1,-3.0,240.0,520.0,3m,0.1,-3.4,570.0,860,39m,1.0,-2.9,270,,,,,,610.0,43m,0.1,-0.6999999999999997,330.0,,,,,,530,29m,1.6,-3.2,950,570.0,13m,2.6,-0.09999999999999964,790.0,,,,,,3,COMPLETE
103,103,0.6002997977746144,2025-05-29 23:46:45.718503,2025-05-29 23:46:46.537963,0 days 00:00:00.819460,,,,,,350.0,21m,2.2,-3.5,60.0,540.0,31m,0.2,-3.3,530.0,790,29m,0.9,-3.5,200,,,,,,710.0,42m,0.2,-0.3999999999999999,400.0,,,,,,620,6m,1.4000000000000001,-3.5,980,680.0,13m,2.8000000000000003,-0.2999999999999998,850.0,,,,,,3,COMPLETE
104,104,,2025-05-29 23:46:46.545885,2025-05-29 23:46:47.145532,0 days 00:00:00.599647,,,,,,,,,,,420.0,31m,0.5,-1.7,620.0,760,39m,1.2000000000000002,-3.3,320,,,,,,650.0,24m,1.0,-0.7999999999999998,300.0,,,,,,550,43m,2.2,-3.1,930,,,,,,,,,,,2,FAIL
105,105,,2025-05-29 23:46:47.149558,2025-05-29 23:46:47.756229,0 days 00:00:00.606671,,,,,,,,,,,490.0,31m,0.4,-3.1,620.0,760,56m,1.2000000000000002,-3.1,330,,,,,,630.0,24m,1.0,-0.7999999999999998,380.0,,,,,,670,43m,0.9,-3.1,930,,,,,,,,,,,2,FAIL
106,106,-1.8246695496180263,2025-05-29 23:46:47.762086,2025-05-29 23:46:48.352929,0 days 00:00:00.590843,,,,,,,,,,,1000.0,31m,0.5,-3.1,620.0,710,23m,1.2000000000000002,-3.2,270,,,,,,660.0,11m,1.0,-0.7999999999999998,480.0,,,,,,560,43m,2.2,-3.2,930,,,,,,,,,,,2,COMPLETE
107,107,-1.790569019323248,2025-05-29 23:46:48.352929,2025-05-29 23:46:49.176226,0 days 00:00:00.823297,,,,,,310.0,50m,2.4000000000000004,-3.2,200.0,430.0,16m,0.4,-3.5,710.0,830,56m,0.5,-3.3,300,,,,,,560.0,32m,0.5,-0.5,290.0,,,,,,480,27m,1.0,-3.4,880,630.0,33m,2.5,-0.09999999999999964,690.0,,,,,,3,COMPLETE
108,108,-2.8845948745254697,2025-05-29 23:46:49.182163,2025-05-29 23:46:49.771217,0 days 00:00:00.589054,,,,,,,,,,,490.0,12m,0.30000000000000004,-1.7,570.0,920,6m,0.8,-3.5,90,,,,,,590.0,43m,1.5,-0.19999999999999973,370.0,,,,,,670,22m,1.5,-3.0,820,,,,,,,,,,,2,COMPLETE
109,109,-0.4435162977135601,2025-05-29 23:46:49.776705,2025-05-29 23:46:50.571200,0 days 00:00:00.794495,,,,,,260.0,31m,1.7000000000000002,-2.5,120.0,560.0,42m,0.0,-2.7,490.0,750,18m,1.1,-0.6999999999999997,390,,,,,,530.0,57m,0.9,-0.8999999999999999,250.0,,,,,,610,24m,1.7000000000000002,-3.1,460,590.0,50m,2.2,-0.5,920.0,,,,,,3,COMPLETE
110,110,-0.0957953223516173,2025-05-29 23:46:50.571200,2025-05-29 23:46:51.416060,0 days 00:00:00.844860,,,,,,360.0,18m,2.1,-3.3,540.0,610.0,56m,0.6000000000000001,-1.7999999999999998,430.0,760,39m,1.6,-1.0,600,,,,,,650.0,5m,0.30000000000000004,-1.0,180.0,,,,,,380,11m,1.2000000000000002,-3.2,390,520.0,46m,3.0,-0.6999999999999997,750.0,,,,,,3,COMPLETE
111,111,0.39587796377351336,2025-05-29 23:46:51.427884,2025-05-29 23:46:52.249111,0 days 00:00:00.821227,,,,,,940.0,51m,1.9000000000000001,-2.4,150.0,390.0,51m,3.4000000000000004,-0.5,520.0,800,11m,0.30000000000000004,-1.0999999999999996,490,,,,,,760.0,50m,2.5,-0.5,430.0,,,,,,520,58m,0.8,-2.9,860,660.0,57m,2.3000000000000003,-0.2999999999999998,730.0,,,,,,3,COMPLETE
112,112,-0.10693019714448339,2025-05-29 23:46:52.255868,2025-05-29 23:46:53.075634,0 days 00:00:00.819766,,,,,,520.0,12m,0.8,-0.7999999999999998,310.0,670.0,26m,0.2,-2.4,760.0,480,16m,1.4000000000000001,-3.1,370,,,,,,70.0,15m,1.5,-3.2,210.0,,,,,,430,6m,1.1,-2.8,900,490.0,17m,2.5,-1.0999999999999996,300.0,,,,,,3,COMPLETE
113,113,-1.0289472998925586,2025-05-29 23:46:53.086143,2025-05-29 23:46:54.153970,0 days 00:00:01.067827,220.0,24m,1.3,-1.5,160.0,410.0,56m,2.0,-1.9,70.0,230.0,18m,0.1,-2.2,690.0,730,26m,1.8,-3.3,870,,,,,,620.0,21m,3.0,-1.4,310.0,990.0,46m,3.3000000000000003,-2.5,500.0,460,53m,0.7000000000000001,-2.6,790,720.0,37m,2.8000000000000003,-0.8999999999999999,460.0,,,,,,4,COMPLETE
114,114,0.39118209609676957,2025-05-29 23:46:54.170380,2025-05-29 23:46:55.010208,0 days 00:00:00.839828,,,,,,630.0,19m,2.5,-2.2,570.0,640.0,25m,0.8,-2.5,590.0,600,48m,1.7000000000000002,-1.4,970,,,,,,100.0,24m,1.0,-1.1999999999999997,140.0,,,,,,490,12m,1.3,-2.7,940,550.0,3m,2.7,-0.5999999999999996,700.0,,,,,,3,COMPLETE
115,115,-1.1606802019890317,2025-05-29 23:46:55.010208,2025-05-29 23:46:56.069566,0 days 00:00:01.059358,150.0,27m,3.2,-1.2999999999999998,80.0,240.0,26m,1.0,-1.1999999999999997,630.0,580.0,48m,0.4,-2.0999999999999996,540.0,640,30m,2.0,-2.4,230,,,,,,30.0,40m,2.8000000000000003,-0.6999999999999997,270.0,910.0,7m,2.6,-3.1,960.0,540,48m,0.9,-0.19999999999999973,890,470.0,31m,3.0,-1.2999999999999998,800.0,,,,,,4,COMPLETE
116,116,-1.8813340156868192,2025-05-29 23:46:56.080036,2025-05-29 23:46:57.144837,0 days 00:00:01.064801,270.0,19m,0.7000000000000001,-2.6,600.0,170.0,25m,2.2,-0.5999999999999996,660.0,510.0,36m,2.3000000000000003,-0.7999999999999998,450.0,680,43m,1.9000000000000001,-1.1999999999999997,920,,,,,,690.0,51m,3.3000000000000003,-1.7,240.0,840.0,6m,1.0,-2.9,840.0,580,26m,0.6000000000000001,-3.1,970,540.0,27m,3.2,-0.5,840.0,,,,,,4,COMPLETE
117,117,-1.5216774357132008,2025-05-29 23:46:57.149822,2025-05-29 23:46:58.497280,0 days 00:00:01.347458,520.0,33m,1.4000000000000001,-0.2999999999999998,330.0,570.0,29m,2.8000000000000003,-0.3999999999999999,210.0,470.0,33m,0.0,-2.8,660.0,820,10m,1.5,-0.8999999999999999,800,730.0,11m,0.7000000000000001,-1.2999999999999998,950.0,190.0,1m,3.5,-1.5,200.0,780.0,42m,3.1,-3.3,890.0,660,13m,1.8,-1.5999999999999999,570,790.0,12m,2.6,-0.7999999999999998,770.0,690.0,12m,2.1,-1.9,100.0,5,COMPLETE
118,118,-0.6008828122232514,2025-05-29 23:46:58.507637,2025-05-29 23:46:59.282044,0 days 00:00:00.774407,,,,,,390.0,55m,0.8,-1.7,720.0,290.0,41m,1.0,-1.2999999999999998,490.0,540,47m,1.6,-0.7999999999999998,630,,,,,,730.0,36m,3.1,-2.4,330.0,,,,,,880,2m,1.6,-2.4,840,380.0,19m,3.1,-0.3999999999999999,630.0,,,,,,3,COMPLETE
119,119,-1.5426204578457223,2025-05-29 23:46:59.288347,2025-05-29 23:47:00.327751,0 days 00:00:01.039404,120.0,10m,1.1,-3.0,660.0,710.0,31m,3.4000000000000004,-1.0,460.0,540.0,31m,0.30000000000000004,-1.9,630.0,710,8m,0.1,-1.7,460,,,,,,260.0,29m,2.9000000000000004,-0.7999999999999998,370.0,690.0,44m,1.6,-2.6,610.0,720,31m,0.5,-3.3,920,610.0,30m,2.0,-0.6999999999999997,390.0,,,,,,4,COMPLETE
120,120,-0.019811895776577937,2025-05-29 23:47:00.337373,2025-05-29 23:47:01.676545,0 days 00:00:01.339172,340.0,12m,1.6,-1.7,280.0,320.0,38m,0.7000000000000001,-1.5,550.0,350.0,28m,0.5,-2.0,380.0,860,49m,1.1,-1.2999999999999998,980,400.0,26m,0.30000000000000004,-0.2999999999999998,670.0,480.0,42m,0.8,-1.2999999999999998,50.0,970.0,33m,1.4000000000000001,-3.5,720.0,980,36m,0.9,-3.0,340,740.0,10m,2.8000000000000003,-0.19999999999999973,110.0,570.0,18m,2.5,-2.9,320.0,5,COMPLETE
121,121,0.2422103314290897,2025-05-29 23:47:01.679230,2025-05-29 23:47:02.585152,0 days 00:00:00.905922,,,,,,670.0,46m,1.3,-3.3,330.0,590.0,5m,1.4000000000000001,-1.0,550.0,780,9m,2.3000000000000003,-3.0,10,,,,,,130.0,54m,1.8,-1.0999999999999996,170.0,,,,,,450,7m,3.0,-3.4,1000,580.0,8m,3.4000000000000004,-1.0,450.0,,,,,,3,COMPLETE
122,122,-0.25978222254059835,2025-05-29 23:47:02.595560,2025-05-29 23:47:03.922082,0 days 00:00:01.326522,360.0,9m,0.6000000000000001,-0.2999999999999998,780.0,620.0,29m,1.0,-0.19999999999999973,600.0,330.0,46m,0.4,-1.5,420.0,660,32m,2.4000000000000004,-1.0,820,10.0,58m,2.4000000000000004,-0.7999999999999998,520.0,640.0,22m,2.6,-1.2999999999999998,350.0,930.0,22m,0.8,-3.0,800.0,730,14m,0.2,-2.9,970,670.0,59m,2.5,-0.2999999999999998,900.0,910.0,1m,0.0,-0.5999999999999996,790.0,5,COMPLETE
123,123,0.9920888225709451,2025-05-29 23:47:03.925094,2025-05-29 23:47:05.253336,0 days 00:00:01.328242,410.0,6m,0.9,-0.09999999999999964,730.0,690.0,20m,0.5,-0.09999999999999964,620.0,410.0,7m,0.2,-1.7,510.0,1000,21m,2.1,-1.0999999999999996,850,120.0,1m,2.7,-0.6999999999999997,810.0,530.0,47m,2.8000000000000003,-2.8,290.0,310.0,58m,0.30000000000000004,-3.1,830.0,780,6m,0.6000000000000001,-3.2,150,650.0,39m,2.6,-1.4,510.0,820.0,36m,1.0,-1.0,580.0,5,COMPLETE
124,124,-0.6970666286718058,2025-05-29 23:47:05.262035,2025-05-29 23:47:06.650514,0 days 00:00:01.388479,410.0,6m,1.2000000000000002,-0.09999999999999964,950.0,840.0,30m,0.1,0.0,480.0,430.0,4m,0.2,-1.5999999999999999,520.0,930,54m,2.1,-1.0999999999999996,740,130.0,49m,2.8000000000000003,-0.6999999999999997,790.0,590.0,53m,2.8000000000000003,-2.9,290.0,330.0,41m,0.2,-3.1,860.0,860,6m,1.9000000000000001,-2.5,30,430.0,5m,2.4000000000000004,-1.5,250.0,810.0,26m,0.7000000000000001,-1.0,410.0,5,COMPLETE
125,125,-0.5358680887105237,2025-05-29 23:47:06.662342,2025-05-29 23:47:08.052118,0 days 00:00:01.389776,460.0,42m,0.9,-0.5999999999999996,520.0,690.0,15m,0.5,-0.2999999999999998,680.0,410.0,7m,0.1,-2.2,470.0,900,44m,1.8,-1.4,860,190.0,31m,3.5,-1.7999999999999998,640.0,530.0,47m,3.4000000000000004,-2.5,270.0,440.0,55m,0.0,-2.8,770.0,770,3m,0.5,-3.1,130,640.0,3m,2.6,-1.2999999999999998,480.0,700.0,24m,0.4,-1.7,480.0,5,COMPLETE
126,126,-2.9498168862233722,2025-05-29 23:47:08.052118,2025-05-29 23:47:09.423180,0 days 00:00:01.371062,270.0,3m,0.9,0.0,750.0,750.0,20m,0.4,-0.5,620.0,460.0,13m,2.9000000000000004,-1.7999999999999998,600.0,1000,55m,2.0,-3.4,670,90.0,1m,3.2,-0.19999999999999973,770.0,680.0,4m,3.1,-3.3,760.0,350.0,20m,0.30000000000000004,-3.4,700.0,550,28m,0.7000000000000001,-3.3,60,560.0,39m,2.9000000000000004,-1.5999999999999999,430.0,240.0,36m,1.5,-0.09999999999999964,560.0,5,COMPLETE
127,127,-0.1849696788431716,2025-05-29 23:47:09.428137,2025-05-29 23:47:10.750272,0 days 00:00:01.322135,50.0,36m,0.30000000000000004,-2.2,850.0,200.0,20m,0.30000000000000004,-0.09999999999999964,750.0,500.0,51m,0.2,-2.3,560.0,850,42m,2.3000000000000003,-0.5999999999999996,940,250.0,51m,1.8,-1.1999999999999997,880.0,50.0,47m,3.0,-1.7999999999999998,450.0,160.0,50m,0.5,-3.2,830.0,420,35m,0.4,-3.5,150,510.0,2m,2.7,-1.4,350.0,830.0,29m,1.9000000000000001,-3.3,610.0,5,COMPLETE
128,128,-3.129941749626121,2025-05-29 23:47:10.761174,2025-05-29 23:47:11.884865,0 days 00:00:01.123691,210.0,46m,1.3,-0.3999999999999999,210.0,660.0,48m,3.2,-0.8999999999999999,650.0,620.0,24m,0.6000000000000001,-1.7,440.0,960,21m,2.2,-1.1999999999999997,880,,,,,,780.0,33m,2.7,-2.9,230.0,10.0,49m,2.5,-2.9,730.0,500,25m,0.8,-2.8,240,590.0,14m,2.1,-1.0999999999999996,560.0,,,,,,4,COMPLETE
129,129,-1.1004500667619472,2025-05-29 23:47:11.894337,2025-05-29 23:47:13.031743,0 days 00:00:01.137406,370.0,48m,2.0,-0.7999999999999998,350.0,530.0,43m,1.6,-0.6999999999999997,590.0,550.0,43m,0.30000000000000004,-2.0999999999999996,480.0,880,21m,2.1,-1.0,770,,,,,,470.0,3m,2.5,-2.7,410.0,280.0,38m,2.1,-1.7999999999999998,60.0,470,6m,1.0,-3.2,870,130.0,39m,3.0,-0.8999999999999999,510.0,,,,,,4,COMPLETE
130,130,-0.2665923114894594,2025-05-29 23:47:13.040215,2025-05-29 23:47:14.387316,0 days 00:00:01.347101,290.0,49m,0.7000000000000001,-0.5,430.0,290.0,37m,0.6000000000000001,-1.4,520.0,370.0,9m,2.0,-1.9,330.0,730,57m,1.9000000000000001,-1.5999999999999999,710,100.0,43m,2.6,-1.7,870.0,500.0,16m,3.3000000000000003,-0.8999999999999999,100.0,530.0,28m,2.9000000000000004,-3.1,880.0,700,45m,2.0,-3.0,10,530.0,1m,0.5,-1.7999999999999998,780.0,480.0,32m,0.5,-3.4,360.0,5,COMPLETE
131,131,,2025-05-29 23:47:14.395807,2025-05-29 23:47:15.258364,0 days 00:00:00.862557,,,,,,580.0,45m,0.9,-0.2999999999999998,250.0,690.0,23m,1.3,-1.2999999999999998,510.0,980,28m,1.3,-0.8999999999999999,510,,,,,,400.0,19m,2.9000000000000004,-2.0,490.0,,,,,,800,56m,1.5,-2.8,80,490.0,42m,2.8000000000000003,-3.3,830.0,,,,,,3,FAIL
132,132,,2025-05-29 23:47:15.268551,2025-05-29 23:47:16.038575,0 days 00:00:00.770024,,,,,,780.0,11m,2.3000000000000003,-0.2999999999999998,580.0,690.0,23m,1.3,-2.7,510.0,580,28m,1.3,-0.8999999999999999,900,,,,,,810.0,30m,2.3000000000000003,-2.0,540.0,,,,,,600,41m,1.3,-1.9,200,340.0,29m,3.3000000000000003,0.0,980.0,,,,,,3,FAIL
133,133,1.3316003045169336,2025-05-29 23:47:16.049196,2025-05-29 23:47:16.818219,0 days 00:00:00.769023,,,,,,490.0,33m,1.8,-1.0999999999999996,420.0,680.0,23m,0.1,-1.2999999999999998,590.0,580,2m,0.6000000000000001,-0.8999999999999999,910,,,,,,330.0,19m,2.3000000000000003,-2.0,380.0,,,,,,800,41m,1.5,-2.0,910,610.0,41m,3.3000000000000003,-3.3,190.0,,,,,,3,COMPLETE
134,134,-1.845801122109242,2025-05-29 23:47:16.830771,2025-05-29 23:47:17.682316,0 days 00:00:00.851545,,,,,,470.0,11m,2.3000000000000003,-1.0999999999999996,390.0,690.0,23m,0.1,-1.4,590.0,500,1m,0.6000000000000001,-0.8999999999999999,900,,,,,,380.0,19m,2.3000000000000003,-1.9,380.0,,,,,,820,41m,1.5,-1.9,910,610.0,41m,3.1,-3.5,190.0,,,,,,3,COMPLETE
135,135,1.610034386782848,2025-05-29 23:47:17.691704,2025-05-29 23:47:18.551110,0 days 00:00:00.859406,,,,,,580.0,33m,1.8,-1.2999999999999998,440.0,660.0,23m,0.0,-1.1999999999999997,510.0,580,2m,0.7000000000000001,-0.7999999999999998,930,,,,,,160.0,30m,2.9000000000000004,-2.0,310.0,,,,,,780,41m,1.4000000000000001,-2.3,90,650.0,13m,3.3000000000000003,-2.3,990.0,,,,,,3,COMPLETE
136,136,1.9080129404718766,2025-05-29 23:47:18.557675,2025-05-29 23:47:19.416085,0 days 00:00:00.858410,,,,,,580.0,1m,1.8,-1.1999999999999997,350.0,750.0,36m,0.0,-1.1999999999999997,510.0,580,2m,0.9,-0.5999999999999996,920,,,,,,320.0,19m,2.6,-2.2,530.0,,,,,,760,43m,1.4000000000000001,-2.0999999999999996,90,690.0,4m,3.3000000000000003,-2.5,140.0,,,,,,3,COMPLETE
137,137,,2025-05-29 23:47:19.425838,2025-05-29 23:47:20.280918,0 days 00:00:00.855080,,,,,,500.0,33m,1.8,-1.2999999999999998,440.0,670.0,23m,0.0,-1.1999999999999997,630.0,630,56m,0.8,-0.3999999999999999,920,,,,,,340.0,19m,2.4000000000000004,-2.2,550.0,,,,,,800,54m,1.4000000000000001,-2.0,100,930.0,13m,3.3000000000000003,-3.3,990.0,,,,,,3,FAIL
138,138,1.1502889041470898,2025-05-29 23:47:20.287150,2025-05-29 23:47:21.139032,0 days 00:00:00.851882,,,,,,590.0,45m,1.9000000000000001,-1.2999999999999998,440.0,810.0,23m,0.0,-1.1999999999999997,90.0,580,2m,0.7000000000000001,-0.5999999999999996,920,,,,,,310.0,19m,2.3000000000000003,-2.0,550.0,,,,,,800,54m,1.4000000000000001,-2.0999999999999996,100,920.0,29m,3.5,-2.5,990.0,,,,,,3,COMPLETE
139,139,-1.2758566374796476,2025-05-29 23:47:21.147899,2025-05-29 23:47:21.992544,0 days 00:00:00.844645,,,,,,500.0,33m,1.8,-1.2999999999999998,430.0,680.0,23m,0.0,-1.1999999999999997,160.0,610,58m,0.8,-0.3999999999999999,920,,,,,,310.0,19m,2.0,-2.0,610.0,,,,,,800,41m,1.3,-2.0,90,940.0,29m,3.3000000000000003,-2.6,110.0,,,,,,3,COMPLETE
140,140,-0.31021757167084224,2025-05-29 23:47:21.996725,2025-05-29 23:47:22.853308,0 days 00:00:00.856583,,,,,,610.0,6m,1.6,-1.5999999999999999,350.0,830.0,23m,0.0,-1.2999999999999998,220.0,590,2m,0.9,-0.5999999999999996,940,,,,,,320.0,30m,2.2,-2.0999999999999996,660.0,,,,,,800,54m,1.5,-2.2,100,930.0,4m,3.5,-3.3,970.0,,,,,,3,COMPLETE
141,141,0.1235821976266485,2025-05-29 23:47:22.862019,2025-05-29 23:47:23.732705,0 days 00:00:00.870686,,,,,,430.0,45m,2.0,-1.2999999999999998,410.0,880.0,36m,0.1,-1.2999999999999998,650.0,640,2m,0.7000000000000001,-0.7999999999999998,890,,,,,,410.0,30m,2.3000000000000003,-2.2,560.0,,,,,,840,43m,1.7000000000000002,-2.0999999999999996,70,810.0,13m,3.3000000000000003,-2.3,960.0,,,,,,3,COMPLETE
142,142,1.3221053185371938,2025-05-29 23:47:23.739369,2025-05-29 23:47:24.558179,0 days 00:00:00.818810,,,,,,580.0,33m,1.9000000000000001,-1.4,290.0,820.0,29m,0.0,-1.0999999999999996,820.0,580,2m,0.5,-0.6999999999999997,1000,,,,,,290.0,19m,2.4000000000000004,-2.0,530.0,,,,,,760,56m,1.4000000000000001,-2.0,180,860.0,13m,3.3000000000000003,-2.4,990.0,,,,,,3,COMPLETE
143,143,1.9986281199685427,2025-05-29 23:47:24.566255,2025-05-29 23:47:25.415703,0 days 00:00:00.849448,,,,,,590.0,1m,1.8,-1.4,280.0,760.0,29m,0.0,-1.0999999999999996,850.0,560,2m,0.5,-0.3999999999999999,1000,,,,,,290.0,37m,2.1,-2.2,550.0,,,,,,740,54m,1.2000000000000002,-2.0,50,990.0,13m,3.3000000000000003,-2.5,1000.0,,,,,,3,COMPLETE
144,144,2.0274076399594065,2025-05-29 23:47:25.421348,2025-05-29 23:47:26.250185,0 days 00:00:00.828837,,,,,,590.0,1m,1.8,-1.5,280.0,800.0,29m,0.0,-1.0999999999999996,870.0,560,2m,0.5,-0.3999999999999999,1000,,,,,,330.0,19m,2.4000000000000004,-2.2,580.0,,,,,,760,56m,1.4000000000000001,-1.7999999999999998,60,990.0,13m,3.4000000000000004,-2.5,1000.0,,,,,,3,COMPLETE
145,145,1.4954820312400385,2025-05-29 23:47:26.257421,2025-05-29 23:47:27.119573,0 days 00:00:00.862152,,,,,,580.0,1m,1.8,-1.5,270.0,790.0,29m,0.0,-1.0999999999999996,880.0,550,2m,0.5,-0.09999999999999964,1000,,,,,,290.0,19m,2.4000000000000004,-2.2,530.0,,,,,,750,56m,1.4000000000000001,-1.7999999999999998,40,990.0,13m,3.4000000000000004,-2.5,1000.0,,,,,,3,COMPLETE
146,146,1.81137988591687,2025-05-29 23:47:27.119573,2025-05-29 23:47:27.995729,0 days 00:00:00.876156,,,,,,580.0,1m,1.7000000000000002,-1.5,270.0,790.0,29m,0.0,-1.0999999999999996,900.0,530,2m,0.5,-0.09999999999999964,1000,,,,,,340.0,37m,2.0,-2.2,530.0,,,,,,750,56m,1.2000000000000002,-1.7999999999999998,50,990.0,13m,3.4000000000000004,-2.4,1000.0,,,,,,3,COMPLETE
147,147,1.3525686997016295,2025-05-29 23:47:28.001986,2025-05-29 23:47:28.860760,0 days 00:00:00.858774,,,,,,510.0,1m,1.8,-1.5,240.0,790.0,54m,0.1,-1.0999999999999996,920.0,550,2m,0.4,-0.09999999999999964,980,,,,,,230.0,37m,2.1,-2.2,580.0,,,,,,750,56m,1.2000000000000002,-1.7999999999999998,50,1000.0,13m,3.4000000000000004,-2.8,950.0,,,,,,3,COMPLETE
148,148,2.096631684295181,2025-05-29 23:47:28.876884,2025-05-29 23:47:29.754682,0 days 00:00:00.877798,,,,,,520.0,1m,1.5,-1.5999999999999999,250.0,780.0,36m,0.0,-1.0,920.0,540,2m,0.4,-0.09999999999999964,970,,,,,,240.0,10m,2.1,-2.3,580.0,,,,,,710,56m,1.2000000000000002,-1.7,30,1000.0,13m,3.2,-2.8,930.0,,,,,,3,COMPLETE
149,149,2.7140790277588653,2025-05-29 23:47:29.761594,2025-05-29 23:47:30.665810,0 days 00:00:00.904216,,,,,,570.0,1m,1.5,-1.5999999999999999,260.0,750.0,29m,0.0,-0.8999999999999999,890.0,530,2m,0.4,-0.19999999999999973,960,,,,,,360.0,10m,1.9000000000000001,-2.3,630.0,,,,,,720,56m,1.1,-1.7,20,980.0,13m,3.2,-2.6,940.0,,,,,,3,COMPLETE
150,150,1.0350664211025125,2025-05-29 23:47:30.671382,2025-05-29 23:47:31.572943,0 days 00:00:00.901561,,,,,,560.0,1m,1.5,-1.5999999999999999,260.0,750.0,29m,0.0,-0.6999999999999997,880.0,530,28m,0.30000000000000004,-0.19999999999999973,960,,,,,,250.0,10m,1.9000000000000001,-2.3,630.0,,,,,,710,56m,1.1,-1.7,20,980.0,13m,3.2,-2.6,930.0,,,,,,3,COMPLETE
151,151,2.2674854733710474,2025-05-29 23:47:31.581338,2025-05-29 23:47:32.463773,0 days 00:00:00.882435,,,,,,580.0,1m,1.7000000000000002,-1.7999999999999998,260.0,870.0,29m,0.2,-0.8999999999999999,940.0,500,2m,0.4,0.0,1000,,,,,,370.0,10m,2.1,-2.4,590.0,,,,,,740,56m,1.3,-1.4,40,970.0,13m,3.4000000000000004,-2.2,1000.0,,,,,,3,COMPLETE
152,152,2.422673657687238,2025-05-29 23:47:32.468311,2025-05-29 23:47:33.297914,0 days 00:00:00.829603,,,,,,530.0,1m,1.4000000000000001,-1.7,310.0,860.0,29m,0.30000000000000004,-0.8999999999999999,940.0,490,2m,0.6000000000000001,0.0,970,,,,,,340.0,10m,2.0,-2.5,690.0,,,,,,730,56m,1.2000000000000002,-1.2999999999999998,70,970.0,13m,3.2,-2.0999999999999996,940.0,,,,,,3,COMPLETE
153,153,1.1903701943868823,2025-05-29 23:47:33.305961,2025-05-29 23:47:34.182451,0 days 00:00:00.876490,,,,,,540.0,1m,1.4000000000000001,-1.7,300.0,860.0,29m,0.30000000000000004,-0.8999999999999999,940.0,500,2m,0.4,0.0,960,,,,,,360.0,10m,2.1,-2.5,690.0,,,,,,700,56m,1.3,-1.1999999999999997,120,960.0,13m,3.5,-2.0999999999999996,940.0,,,,,,3,COMPLETE
154,154,1.5240611786536746,2025-05-29 23:47:34.182451,2025-05-29 23:47:35.079353,0 days 00:00:00.896902,,,,,,520.0,1m,1.7000000000000002,-1.7999999999999998,320.0,900.0,29m,0.2,-1.0,990.0,490,2m,0.6000000000000001,-0.19999999999999973,990,,,,,,360.0,37m,2.0,-2.3,710.0,,,,,,680,56m,1.6,-1.4,10,890.0,13m,3.2,-2.0999999999999996,890.0,,,,,,3,COMPLETE
155,155,-0.17465754062732863,2025-05-29 23:47:35.079353,2025-05-29 23:47:35.998487,0 days 00:00:00.919134,,,,,,640.0,1m,1.5,-1.5999999999999999,200.0,750.0,29m,0.2,-0.8999999999999999,920.0,440,2m,0.4,-0.19999999999999973,970,,,,,,340.0,23m,1.8,-2.4,590.0,,,,,,730,56m,1.2000000000000002,-1.5,70,960.0,13m,3.2,-2.3,980.0,,,,,,3,COMPLETE
156,156,-1.506872382183467,2025-05-29 23:47:36.008271,2025-05-29 23:47:36.913845,0 days 00:00:00.905574,,,,,,570.0,3m,1.6,-1.7999999999999998,260.0,860.0,29m,0.1,-0.8999999999999999,850.0,520,39m,0.8,-0.3999999999999999,940,,,,,,200.0,10m,1.9000000000000001,-2.5,620.0,,,,,,770,37m,1.1,-1.5999999999999999,40,970.0,54m,3.4000000000000004,-2.2,910.0,,,,,,3,COMPLETE
157,157,1.6904887002613187,2025-05-29 23:47:36.918534,2025-05-29 23:47:37.839207,0 days 00:00:00.920673,,,,,,600.0,2m,1.7000000000000002,-1.4,220.0,940.0,15m,0.30000000000000004,-1.0,960.0,460,56m,0.2,-0.2999999999999998,1000,,,,,,390.0,10m,2.1,-2.3,660.0,,,,,,840,23m,1.3,-1.0999999999999996,60,940.0,4m,3.3000000000000003,-2.7,970.0,,,,,,3,COMPLETE
158,158,0.3281021952570638,2025-05-29 23:47:37.839207,2025-05-29 23:47:38.774568,0 days 00:00:00.935361,,,,,,440.0,1m,1.3,-2.0,220.0,940.0,57m,0.4,-0.7999999999999998,960.0,450,56m,0.2,0.0,1000,,,,,,380.0,10m,2.1,-2.3,660.0,,,,,,900,23m,1.3,-1.0999999999999996,60,890.0,4m,3.3000000000000003,-2.6,960.0,,,,,,3,COMPLETE
159,159,1.4936820349611646,2025-05-29 23:47:38.785034,2025-05-29 23:47:39.699448,0 days 00:00:00.914414,,,,,,600.0,2m,1.7000000000000002,-1.4,180.0,910.0,47m,0.30000000000000004,-1.0,910.0,470,15m,0.30000000000000004,-0.3999999999999999,980,,,,,,410.0,37m,1.6,-2.6,680.0,,,,,,830,22m,1.2000000000000002,-1.2999999999999998,110,950.0,13m,3.1,-2.8,1000.0,,,,,,3,COMPLETE
160,160,0.3666669689139427,2025-05-29 23:47:39.705232,2025-05-29 23:47:40.617868,0 days 00:00:00.912636,,,,,,530.0,28m,1.5,-1.5,350.0,720.0,15m,0.1,-1.0,960.0,420,56m,0.1,-0.2999999999999998,950,,,,,,160.0,10m,2.1,-2.2,500.0,,,,,,650,42m,1.2000000000000002,-0.8999999999999999,80,900.0,25m,3.4000000000000004,-2.7,940.0,,,,,,3,COMPLETE
161,161,-2.4208502689307667,2025-05-29 23:47:40.624549,2025-05-29 23:47:41.523080,0 days 00:00:00.898531,,,,,,560.0,1m,1.6,-1.5999999999999999,250.0,790.0,2m,0.30000000000000004,-1.0999999999999996,940.0,460,7m,0.5,0.0,980,,,,,,340.0,28m,2.0,-2.3,570.0,,,,,,690,10m,1.1,-1.9,30,1000.0,42m,3.2,-2.4,970.0,,,,,,3,COMPLETE
162,162,-1.78958633031277,2025-05-29 23:47:41.532434,2025-05-29 23:47:42.459625,0 days 00:00:00.927191,,,,,,620.0,1m,1.4000000000000001,-1.4,280.0,770.0,15m,0.2,-0.7999999999999998,860.0,510,59m,1.0,-0.2999999999999998,1000,,,,,,280.0,38m,1.9000000000000001,-2.4,640.0,,,,,,780,19m,1.0,-1.7,50,980.0,4m,3.3000000000000003,-3.0,880.0,,,,,,3,COMPLETE
163,163,-0.9100765207253488,2025-05-29 23:47:42.468144,2025-05-29 23:47:43.440754,0 days 00:00:00.972610,,,,,,470.0,2m,1.7000000000000002,-1.7,230.0,850.0,31m,0.0,-0.6999999999999997,830.0,340,5m,0.6000000000000001,-0.19999999999999973,960,,,,,,430.0,8m,2.2,-2.0999999999999996,590.0,,,,,,860,16m,1.3,-1.0999999999999996,10,940.0,18m,3.5,-2.4,920.0,,,,,,3,COMPLETE
164,164,0.08426978096015186,2025-05-29 23:47:43.451048,2025-05-29 23:47:44.323926,0 days 00:00:00.872878,,,,,,590.0,25m,2.0,-1.7999999999999998,170.0,980.0,39m,0.1,-1.1999999999999997,1000.0,410,31m,0.30000000000000004,-0.5,940,,,,,,230.0,11m,1.8,-2.5,600.0,,,,,,730,23m,1.2000000000000002,-1.5999999999999999,80,920.0,49m,3.2,-2.7,950.0,,,,,,3,COMPLETE
165,165,2.100727257163274,2025-05-29 23:47:44.323926,2025-05-29 23:47:45.212960,0 days 00:00:00.889034,,,,,,640.0,1m,1.9000000000000001,-1.1999999999999997,300.0,880.0,36m,0.4,-0.8999999999999999,890.0,530,51m,0.7000000000000001,-0.3999999999999999,970,,,,,,350.0,10m,1.7000000000000002,-2.2,550.0,,,,,,740,52m,1.1,-1.9,140,970.0,22m,3.1,-2.0,980.0,,,,,,3,COMPLETE
166,166,-0.8372144291778058,2025-05-29 23:47:45.220006,2025-05-29 23:47:46.085130,0 days 00:00:00.865124,,,,,,550.0,1m,1.9000000000000001,-1.1999999999999997,340.0,940.0,1m,0.5,-0.8999999999999999,900.0,540,3m,0.9,-0.3999999999999999,970,,,,,,340.0,10m,1.7000000000000002,-2.2,740.0,,,,,,740,38m,1.3,-1.9,140,970.0,11m,3.3000000000000003,-2.0,980.0,,,,,,3,COMPLETE
167,167,-2.984677149008467,2025-05-29 23:47:46.095106,2025-05-29 23:47:46.981299,0 days 00:00:00.886193,,,,,,630.0,9m,2.1,-1.5,300.0,880.0,25m,0.4,-1.0999999999999996,940.0,490,34m,0.7000000000000001,-0.09999999999999964,930,,,,,,390.0,44m,2.0,-2.3,550.0,,,,,,760,52m,1.4000000000000001,-1.4,60,950.0,20m,3.1,-2.2,1000.0,,,,,,3,COMPLETE
168,168,,2025-05-29 23:47:46.986074,2025-05-29 23:47:47.861885,0 days 00:00:00.875811,,,,,,340.0,39m,1.3,-1.1999999999999997,280.0,800.0,36m,0.1,-0.8999999999999999,870.0,520,51m,0.4,-0.09999999999999964,1000,,,,,,300.0,14m,2.2,-2.0999999999999996,510.0,,,,,,720,57m,1.1,-1.0999999999999996,100,1000.0,22m,3.4000000000000004,-2.0,970.0,,,,,,3,FAIL
169,169,-2.0529753592924775,2025-05-29 23:47:47.868906,2025-05-29 23:47:48.736874,0 days 00:00:00.867968,,,,,,580.0,17m,1.3,-1.1999999999999997,370.0,800.0,14m,0.1,-0.8999999999999999,880.0,560,13m,0.4,-0.09999999999999964,1000,,,,,,300.0,25m,1.7000000000000002,-2.0999999999999996,510.0,,,,,,710,44m,1.1,-1.7999999999999998,110,1000.0,34m,3.4000000000000004,-2.2,960.0,,,,,,3,COMPLETE
170,170,0.08669806264161337,2025-05-29 23:47:48.736874,2025-05-29 23:47:49.608382,0 days 00:00:00.871508,,,,,,650.0,42m,1.6,-1.4,280.0,880.0,44m,0.30000000000000004,-1.0,800.0,520,51m,0.5,-0.2999999999999998,960,,,,,,260.0,14m,1.2000000000000002,-2.4,570.0,,,,,,780,1m,1.0,-1.7,90,980.0,22m,3.1,-2.5,930.0,,,,,,3,COMPLETE
171,171,-1.3437689078838013,2025-05-29 23:47:49.616835,2025-05-29 23:47:50.464213,0 days 00:00:00.847378,,,,,,540.0,53m,1.7000000000000002,-1.2999999999999998,310.0,740.0,45m,0.0,-1.1999999999999997,930.0,530,12m,0.2,-0.19999999999999973,980,,,,,,340.0,21m,2.2,-2.6,610.0,,,,,,840,33m,1.2000000000000002,-1.1999999999999997,30,910.0,12m,3.0,-2.0,900.0,,,,,,3,COMPLETE
172,172,-0.16211146770729348,2025-05-29 23:47:50.474872,2025-05-29 23:47:51.277160,0 days 00:00:00.802288,,,,,,610.0,7m,2.0,-1.5999999999999999,250.0,770.0,36m,0.2,-1.4,960.0,440,2m,0.6000000000000001,0.0,930,,,,,,360.0,13m,1.9000000000000001,-2.2,540.0,,,,,,680,51m,1.5,-1.5,180,950.0,56m,3.4000000000000004,-2.3,980.0,,,,,,3,COMPLETE
173,173,,2025-05-29 23:47:51.277160,2025-05-29 23:47:52.057227,0 days 00:00:00.780067,,,,,,920.0,59m,1.9000000000000001,-2.0,140.0,840.0,55m,0.2,-0.7999999999999998,900.0,470,51m,0.8,-0.5,950,,,,,,270.0,45m,2.1,-2.4,670.0,,,,,,820,52m,0.9,-2.0999999999999996,50,970.0,38m,3.2,-3.0,860.0,,,,,,3,FAIL
174,174,0.8902129063742071,2025-05-29 23:47:52.063023,2025-05-29 23:47:52.881679,0 days 00:00:00.818656,,,,,,370.0,49m,1.9000000000000001,-1.9,190.0,840.0,52m,0.2,-0.7999999999999998,900.0,560,4m,0.8,-0.5,960,,,,,,270.0,45m,2.1,-2.4,650.0,,,,,,810,55m,0.9,-1.9,50,980.0,13m,3.2,-2.9,1000.0,,,,,,3,COMPLETE
175,175,-0.31295310653071723,2025-05-29 23:47:52.881679,2025-05-29 23:47:53.750247,0 days 00:00:00.868568,,,,,,90.0,34m,1.4000000000000001,-2.8,140.0,810.0,38m,0.30000000000000004,-1.0999999999999996,890.0,470,14m,0.7000000000000001,-0.2999999999999998,160,,,,,,320.0,17m,2.0,-2.0999999999999996,620.0,,,,,,720,52m,2.1,-2.0,10,880.0,9m,3.5,-2.5,950.0,,,,,,3,COMPLETE
176,176,,2025-05-29 23:47:53.750247,2025-05-29 23:47:54.630046,0 days 00:00:00.879799,,,,,,510.0,39m,1.8,-2.0999999999999996,390.0,960.0,49m,0.1,-1.0,980.0,510,20m,0.4,-0.09999999999999964,910,,,,,,370.0,10m,1.6,-2.3,500.0,,,,,,790,56m,1.3,-1.0,70,850.0,38m,1.5,-2.4,970.0,,,,,,3,FAIL
177,177,,2025-05-29 23:47:54.638450,2025-05-29 23:47:55.528543,0 days 00:00:00.890093,,,,,,510.0,59m,1.8,-3.0,390.0,760.0,21m,0.5,-0.6999999999999997,980.0,500,51m,0.4,-0.09999999999999964,910,,,,,,370.0,59m,2.2,-2.3,490.0,,,,,,740,30m,1.3,-1.0,80,1000.0,45m,3.3000000000000003,-2.7,860.0,,,,,,3,FAIL
178,178,,2025-05-29 23:47:55.539109,2025-05-29 23:47:56.413693,0 days 00:00:00.874584,,,,,,490.0,59m,1.8,-2.0999999999999996,320.0,960.0,55m,0.5,-0.6999999999999997,860.0,500,20m,0.4,-0.09999999999999964,910,,,,,,370.0,59m,2.0,-2.3,680.0,,,,,,740,34m,1.3,-2.3,70,1000.0,44m,3.3000000000000003,-2.4,40.0,,,,,,3,FAIL
179,179,-1.9124726427513188,2025-05-29 23:47:56.424086,2025-05-29 23:47:57.281874,0 days 00:00:00.857788,,,,,,500.0,4m,1.8,-2.2,230.0,960.0,55m,0.1,-1.0,860.0,380,33m,0.4,-0.09999999999999964,910,,,,,,370.0,43m,2.2,-2.3,720.0,,,,,,740,56m,1.3,-2.3,70,1000.0,38m,3.3000000000000003,-2.7,50.0,,,,,,3,COMPLETE
180,180,,2025-05-29 23:47:57.284583,2025-05-29 23:47:58.152233,0 days 00:00:00.867650,,,,,,560.0,59m,2.1,-1.5,390.0,900.0,36m,0.4,-0.8999999999999999,870.0,610,51m,0.9,-0.3999999999999999,1000,,,,,,420.0,10m,2.5,-2.2,680.0,,,,,,770,57m,1.1,-2.0999999999999996,30,700.0,22m,2.9000000000000004,-2.4,830.0,,,,,,3,FAIL
181,181,,2025-05-29 23:47:58.152233,2025-05-29 23:47:59.017054,0 days 00:00:00.864821,,,,,,560.0,46m,2.1,-1.5,270.0,770.0,36m,0.4,-0.8999999999999999,780.0,500,51m,0.9,-0.3999999999999999,1000,,,,,,400.0,10m,2.6,-1.9,680.0,,,,,,770,30m,1.1,-1.0,40,700.0,26m,2.9000000000000004,-2.4,870.0,,,,,,3,FAIL
182,182,-0.2365641213401236,2025-05-29 23:47:59.017054,2025-05-29 23:47:59.879358,0 days 00:00:00.862304,,,,,,600.0,39m,1.7000000000000002,-2.4,390.0,780.0,36m,0.4,-0.5,980.0,500,24m,0.9,-0.3999999999999999,980,,,,,,170.0,10m,2.5,-1.9,490.0,,,,,,760,18m,1.1,-1.0,30,700.0,7m,3.3000000000000003,-2.4,860.0,,,,,,3,COMPLETE
183,183,-3.3908750728727712,2025-05-29 23:47:59.900786,2025-05-29 23:48:00.752497,0 days 00:00:00.851711,,,,,,570.0,59m,2.1,-1.2999999999999998,290.0,920.0,8m,0.0,-0.6999999999999997,970.0,610,51m,0.5,-0.5,1000,,,,,,400.0,10m,2.0,-2.0999999999999996,570.0,,,,,,780,15m,1.1,-1.4,120,970.0,22m,2.9000000000000004,-2.6,840.0,,,,,,3,COMPLETE
184,184,,2025-05-29 23:48:00.752497,2025-05-29 23:48:01.601970,0 days 00:00:00.849473,,,,,,660.0,54m,2.2,-1.7,320.0,890.0,49m,0.2,-1.1999999999999997,860.0,540,20m,1.1,-0.19999999999999973,950,,,,,,430.0,34m,1.6,-2.4,680.0,,,,,,700,34m,1.0,-2.2,90,740.0,26m,3.0,-2.3,740.0,,,,,,3,FAIL
185,185,0.3321535459968579,2025-05-29 23:48:01.618400,2025-05-29 23:48:02.483344,0 days 00:00:00.864944,,,,,,640.0,54m,1.6,-1.0,270.0,760.0,49m,0.2,-1.1999999999999997,860.0,540,20m,1.1,-0.19999999999999973,950,,,,,,350.0,59m,0.6000000000000001,-2.4,680.0,,,,,,660,30m,1.0,-1.2999999999999998,90,930.0,26m,3.0,-2.3,980.0,,,,,,3,COMPLETE
186,186,,2025-05-29 23:48:02.483344,2025-05-29 23:48:03.379444,0 days 00:00:00.896100,,,,,,340.0,52m,1.9000000000000001,-1.0999999999999996,320.0,730.0,21m,0.2,-0.8999999999999999,920.0,520,36m,0.30000000000000004,-0.09999999999999964,980,,,,,,430.0,18m,1.8,-2.2,630.0,,,,,,740,57m,1.4000000000000001,-0.6999999999999997,50,960.0,35m,1.6,-2.0,930.0,,,,,,3,FAIL
187,187,,2025-05-29 23:48:03.379444,2025-05-29 23:48:04.264748,0 days 00:00:00.885304,,,,,,620.0,52m,1.9000000000000001,-1.0999999999999996,330.0,730.0,29m,0.5,-0.8999999999999999,780.0,520,36m,1.0,-0.09999999999999964,890,,,,,,430.0,39m,1.8,-2.2,530.0,,,,,,700,34m,1.4000000000000001,-1.7,40,750.0,45m,3.1,-2.9,730.0,,,,,,3,FAIL
188,188,-1.6494130750235898,2025-05-29 23:48:04.273220,2025-05-29 23:48:05.154521,0 days 00:00:00.881301,,,,,,520.0,22m,1.8,-1.0999999999999996,320.0,730.0,21m,0.2,-0.8999999999999999,910.0,520,36m,1.0,-0.09999999999999964,50,,,,,,430.0,39m,1.8,-2.2,530.0,,,,,,700,21m,1.3,-1.5999999999999999,40,740.0,48m,3.1,-2.0,730.0,,,,,,3,COMPLETE
189,189,,2025-05-29 23:48:05.154521,2025-05-29 23:48:06.057206,0 days 00:00:00.902685,,,,,,670.0,32m,1.9000000000000001,-3.0,210.0,890.0,40m,0.1,-1.0,770.0,560,17m,0.6000000000000001,0.0,890,,,,,,300.0,34m,1.6,-1.9,600.0,,,,,,740,34m,1.4000000000000001,-2.0999999999999996,70,850.0,45m,1.7000000000000002,-2.4,820.0,,,,,,3,FAIL
190,190,,2025-05-29 23:48:06.073199,2025-05-29 23:48:06.963363,0 days 00:00:00.890164,,,,,,620.0,46m,1.9000000000000001,-3.1,350.0,890.0,29m,0.1,-1.0,820.0,560,19m,0.6000000000000001,0.0,980,,,,,,300.0,52m,2.6,-2.3,630.0,,,,,,740,57m,1.4000000000000001,-2.0999999999999996,70,960.0,45m,3.2,-2.2,920.0,,,,,,3,FAIL
191,191,-1.9402181252811674,2025-05-29 23:48:06.969175,2025-05-29 23:48:07.865562,0 days 00:00:00.896387,,,,,,340.0,31m,1.9000000000000001,-1.4,350.0,830.0,10m,0.1,-1.0,950.0,560,17m,0.6000000000000001,0.0,890,,,,,,300.0,48m,1.6,-2.3,600.0,,,,,,740,34m,1.4000000000000001,-1.7999999999999998,60,860.0,58m,3.2,-2.2,920.0,,,,,,3,COMPLETE
192,192,1.0001800015076876,2025-05-29 23:48:07.865562,2025-05-29 23:48:08.768720,0 days 00:00:00.903158,,,,,,890.0,52m,2.2,-1.5,210.0,870.0,34m,0.30000000000000004,-0.7999999999999998,780.0,600,37m,1.2000000000000002,-0.2999999999999998,930,,,,,,320.0,49m,2.6,-1.9,560.0,,,,,,790,4m,1.2000000000000002,-1.9,160,960.0,21m,1.6,-2.7,960.0,,,,,,3,COMPLETE
193,193,,2025-05-29 23:48:08.781354,2025-05-29 23:48:09.651341,0 days 00:00:00.869987,,,,,,950.0,46m,2.0,-1.7,250.0,890.0,40m,0.5,-1.0999999999999996,870.0,490,38m,0.8,-0.5999999999999996,340,,,,,,390.0,34m,2.1,-2.5,630.0,,,,,,720,57m,1.6,-2.0999999999999996,100,920.0,45m,3.4000000000000004,-2.4,830.0,,,,,,3,FAIL
194,194,,2025-05-29 23:48:09.667571,2025-05-29 23:48:10.543587,0 days 00:00:00.876016,,,,,,670.0,46m,1.7000000000000002,-1.7,250.0,480.0,27m,0.0,-1.0999999999999996,810.0,510,47m,0.8,-0.5999999999999996,340,,,,,,720.0,18m,2.1,-2.5,640.0,,,,,,520,46m,1.6,-2.0999999999999996,100,930.0,15m,3.4000000000000004,-2.4,980.0,,,,,,3,FAIL
195,195,2.046765286065848,2025-05-29 23:48:10.543587,2025-05-29 23:48:11.473063,0 days 00:00:00.929476,,,,,,670.0,1m,2.0,-3.0,250.0,710.0,40m,0.5,-1.0999999999999996,870.0,490,38m,0.8,-0.5999999999999996,980,,,,,,380.0,6m,1.3,-2.5,630.0,,,,,,520,57m,1.6,-2.0999999999999996,100,930.0,45m,3.4000000000000004,-2.4,810.0,,,,,,3,COMPLETE
196,196,,2025-05-29 23:48:11.479554,2025-05-29 23:48:12.106780,0 days 00:00:00.627226,,,,,,,,,,,700.0,37m,0.5,-1.0999999999999996,830.0,480,25m,0.7000000000000001,-0.5999999999999996,980,,,,,,390.0,52m,1.4000000000000001,-2.4,640.0,,,,,,720,57m,1.6,-2.2,90,,,,,,,,,,,2,FAIL
197,197,-2.8353266191841255,2025-05-29 23:48:12.106780,2025-05-29 23:48:12.732587,0 days 00:00:00.625807,,,,,,,,,,,700.0,40m,0.5,-1.2999999999999998,830.0,470,38m,0.7000000000000001,-0.5999999999999996,980,,,,,,390.0,20m,1.2000000000000002,-2.5,670.0,,,,,,70,5m,1.8,-2.0999999999999996,100,,,,,,,,,,,2,COMPLETE
198,198,0.2281510072824675,2025-05-29 23:48:12.732587,2025-05-29 23:48:13.640707,0 days 00:00:00.908120,,,,,,670.0,1m,2.0,-1.5999999999999999,250.0,720.0,40m,0.6000000000000001,-1.0999999999999996,870.0,490,38m,0.8,-0.6999999999999997,950,,,,,,420.0,34m,1.3,-2.0,650.0,,,,,,760,17m,1.6,-2.2,80,920.0,35m,3.4000000000000004,-2.4,830.0,,,,,,3,COMPLETE
199,199,,2025-05-29 23:48:13.651723,2025-05-29 23:48:14.298281,0 days 00:00:00.646558,,,,,,,,,,,750.0,29m,0.4,-1.1999999999999997,920.0,430,53m,0.2,-0.5,1000,,,,,,370.0,18m,1.4000000000000001,-2.6,640.0,,,,,,520,57m,1.5,-2.0,40,,,,,,,,,,,2,FAIL
